ratio,seed,baseline_success,v1_success,v2_success,rescued,unnecessary_recovery,regression,extra_retry_actions_vs_v1,extra_total_path_m_vs_v1,baseline_achieved_preinsert_delta_hole_m
0.0,140,True,True,True,False,False,False,0,0.0,"[0.0, 0.0, 0.0]"
0.0,141,True,True,True,False,False,False,0,0.0,"[0.0, 0.0, 0.0]"
0.0,142,True,True,True,False,False,False,0,0.0,"[0.0, 0.0, 0.0]"
0.0,143,False,False,False,False,False,False,0,-0.8492464767790889,"[0.0, 0.0, 0.0]"
0.0,144,True,True,True,False,False,False,0,0.0,"[0.0, 0.0, 0.0]"
0.0,145,True,True,True,False,False,False,0,0.0,"[0.0, 0.0, 0.0]"
0.0,146,True,True,True,False,False,False,0,0.0,"[0.0, 0.0, 0.0]"
0.0,147,True,True,True,False,False,False,0,0.0,"[0.0, 0.0, 0.0]"
0.0,148,True,True,True,False,False,False,0,0.0,"[0.0, 0.0, 0.0]"
0.0,149,True,True,True,False,False,False,0,0.0,"[0.0, 0.0, 0.0]"
0.0,150,True,True,True,False,False,False,0,0.0,"[0.0, 0.0, 0.0]"
0.0,151,True,True,True,False,False,False,0,0.0,"[0.0, 0.0, 0.0]"
0.0,152,True,True,True,False,False,False,0,0.0,"[0.0, 0.0, 0.0]"
0.0,153,True,True,True,False,False,False,0,0.0,"[0.0, 0.0, 0.0]"
0.0,154,True,True,True,False,False,False,0,0.0,"[0.0, 0.0, 0.0]"
0.0,155,False,False,False,False,False,False,173,0.13503974464953783,"[0.0, 0.0, 0.0]"
0.0,156,True,True,True,False,False,False,0,0.0,"[0.0, 0.0, 0.0]"
0.0,157,True,True,True,False,False,False,0,0.0,"[0.0, 0.0, 0.0]"
0.0,158,True,True,True,False,False,False,0,0.0,"[0.0, 0.0, 0.0]"
0.0,159,True,True,True,False,False,False,0,0.0,"[0.0, 0.0, 0.0]"
0.5,140,True,True,True,False,False,False,0,0.0,"[2.6855216656018754e-07, 0.0014999301268474544, 2.905684937751658e-07]"
0.5,141,True,True,True,False,False,False,0,0.0,"[1.1883197674200652e-06, 0.0015003283007912532, 1.9371403165758822e-07]"
0.5,142,True,True,True,False,False,False,0,0.0,"[1.4034600290258048e-06, 0.0015002637082621865, -1.341145585597505e-07]"
0.5,143,False,False,False,False,False,False,0,-0.8492464767790889,"[0.0, 0.0, 0.0]"
0.5,144,True,True,True,False,False,False,0,0.0,"[8.96023898661058e-07, 0.0014999455566150272, -2.2351741790771484e-07]"
0.5,145,True,True,True,False,False,False,0,0.0,"[3.3777874602902713e-07, 0.0014989380101384587, 9.238724501545111e-07]"
0.5,146,True,True,True,False,False,False,0,0.0,"[1.1442092866520426e-06, 0.0015004622378427203, -1.0432318561429512e-07]"
0.5,147,True,True,True,False,False,False,0,0.0,"[-2.1981002357174262e-07, 0.0014998706529265578, 4.3959211920100165e-07]"
0.5,148,True,True,True,False,False,False,0,0.0,"[2.8014009634258485e-07, 0.0015004358130052617, 1.341104507446289e-07]"
0.5,149,True,True,True,False,False,False,0,0.0,"[2.0648763587316488e-06, 0.001500751359874165, -4.172956670178968e-07]"
0.5,150,True,True,True,False,True,False,229,0.33967708961925713,"[9.376236659308645e-07, 0.0014996254863265295, 8.791604846278456e-07]"
0.5,151,True,True,True,False,False,False,0,0.0,"[5.893642657239795e-07, 0.0015001767464849296, 2.981012654688662e-08]"
0.5,152,True,True,True,False,False,False,0,0.0,"[1.2120106620550075e-06, 0.00150024082315516, 1.2665952821332496e-07]"
0.5,153,True,True,True,False,False,False,0,0.0,"[2.663631350485751e-07, 0.0015003411232126919, 6.221234798431396e-07]"
0.5,154,True,True,True,False,False,False,0,0.0,"[1.460660055019325e-06, 0.0014998989894422527, 6.854534149169922e-07]"
0.5,155,False,False,False,False,False,False,171,0.129604656070461,"[1.2833233920539477e-06, 0.0015001324116106327, 4.246833978515681e-07]"
0.5,156,True,True,True,False,False,False,0,0.0,"[7.884261252755209e-07, 0.0014994031893289222, 1.601874828338623e-06]"
0.5,157,True,True,True,False,False,False,0,0.0,"[1.8411766983250644e-06, 0.0014999798739322948, -1.3408222060431693e-07]"
0.5,158,True,True,True,False,False,False,0,0.0,"[2.2729325302450754e-07, 0.001499278594982006, 5.513587279682529e-07]"
0.5,159,True,True,True,False,False,False,0,0.0,"[5.510780871631482e-07, 0.0015005663625588404, -1.1920975625550652e-07]"
1.0,140,False,False,True,True,False,False,159,0.2238165578499396,"[1.2615319955333604e-07, 0.003000649266779174, -1.7882223449285106e-07]"
1.0,141,False,False,True,True,False,False,160,0.22953140048308107,"[2.4771894413522233e-06, 0.003000625106398286, -3.725503062648608e-08]"
1.0,142,False,False,True,True,False,False,153,0.22983307607015435,"[2.8399258032996144e-06, 0.003000655520042239, -1.192175054487817e-07]"
1.0,143,False,False,False,False,False,False,0,-0.8492464767790889,"[0.0, 0.0, 0.0]"
1.0,144,False,False,True,True,False,False,136,0.19415522279158082,"[1.9953375456349676e-06, 0.0030003038536389015, -1.862645149230957e-07]"
1.0,145,False,False,True,True,False,False,144,0.20708581120601455,"[3.1095332009289933e-07, 0.0029991779382843604, 4.6566220010443296e-07]"
1.0,146,False,False,True,True,False,False,149,0.209384701609866,"[2.059661458664319e-06, 0.003001116445257072, -2.3099811242253553e-07]"
1.0,147,False,False,True,True,False,False,159,0.20713835921410428,"[-4.1226535041349877e-07, 0.0030009032759840985, -6.779871002769581e-07]"
1.0,148,False,False,True,True,False,False,156,0.2182414099716905,"[4.860466771283711e-07, 0.00300035652236904, 5.662441253662109e-07]"
1.0,149,False,False,True,True,False,False,155,0.2253248694144412,"[4.003791860718309e-06, 0.003000838475485327, -1.262789269344518e-10]"
1.0,150,False,False,True,True,False,False,155,0.23123208837147224,"[1.7179572203707139e-06, 0.002999677388751332, 1.1920768407911887e-06]"
1.0,151,False,False,True,True,False,False,158,0.2258487106604976,"[1.0661015050206224e-06, 0.003000388031945425, -1.488555209522234e-08]"
1.0,152,False,False,True,True,False,False,162,0.22771573621014896,"[2.3801139858448117e-06, 0.003000382569454161, 5.513422805568727e-07]"
1.0,153,False,False,True,True,False,False,143,0.19707754088449603,"[5.807610264918495e-07, 0.003000741861132734, 5.699694156646729e-07]"
1.0,154,False,False,True,True,False,False,140,0.21356858057415717,"[3.079270060935002e-06, 0.003000156826139298, 1.0281801223754883e-06]"
1.0,155,False,False,False,False,False,False,171,0.12920591899666434,"[2.4478056950272276e-06, 0.003000274185401654, 7.227069261829809e-07]"
1.0,156,False,False,True,True,False,False,145,0.20132316700012054,"[1.4946414372829508e-06, 0.00300020286567767, 8.121132850646973e-07]"
1.0,157,False,False,True,True,False,False,150,0.22262294880414712,"[3.624448720873641e-06, 0.003000474251379656, -2.532632716856605e-07]"
1.0,158,False,False,True,True,False,False,137,0.19782643352075224,"[6.304615829955118e-07, 0.002999014186436993, 7.450895919685406e-07]"
1.0,159,False,False,True,True,False,False,156,0.226105625885189,"[1.3601151425124414e-06, 0.003000894478784036, -4.0233228547983957e-07]"
2.0,140,False,False,True,True,False,False,159,0.22423101267235435,"[4.418769944947165e-07, 0.006001130834846514, 3.799630101005547e-07]"
2.0,141,False,False,True,True,False,False,160,0.2326734352886497,"[4.695492209327856e-06, 0.006001375469755899, 2.980189683481489e-07]"
2.0,142,False,False,True,True,False,False,152,0.22970178548646336,"[5.6007344080288846e-06, 0.006000896117062956, 5.215242109260683e-07]"
2.0,143,False,False,False,False,False,False,0,-0.8492464767790889,"[0.0, 0.0, 0.0]"
2.0,144,False,False,True,True,False,False,136,0.198410414979435,"[4.03909527132984e-06, 0.006001262246825668, 2.0116567611694336e-07]"
2.0,145,False,False,True,True,False,False,144,0.2070998888427238,"[6.332182853063806e-07, 0.0059992009739244555, 1.0654348512067373e-06]"
2.0,146,False,False,True,True,False,False,149,0.21402415123307494,"[3.754156659041552e-06, 0.006001618300830065, -1.0436834600514356e-07]"
2.0,147,False,False,True,True,False,False,156,0.20867025394627392,"[-3.4295836975895e-07, 0.006001600302862142, -3.5759640189592426e-07]"
2.0,148,False,False,True,True,False,False,155,0.21811864792123892,"[1.0438771817500303e-06, 0.006000815942565746, 3.427267074584961e-07]"
2.0,149,False,False,True,True,False,False,155,0.22922131998028927,"[7.912585097635816e-06, 0.006001266010563595, 8.915442682952773e-08]"
2.0,150,False,False,True,True,False,False,155,0.23137949384999856,"[3.490884972368047e-06, 0.005999438680045426, 1.9967234903777853e-06]"
2.0,151,False,False,True,True,False,False,158,0.2263440697613861,"[2.052853544320943e-06, 0.006000975368700273, -1.6388155347477184e-07]"
2.0,152,False,False,True,True,False,False,161,0.23141676840492864,"[4.581262682434861e-06, 0.006000934970802134, 1.028178756048542e-06]"
2.0,153,False,False,True,True,False,False,143,0.2009555473438671,"[1.1402702624618843e-06, 0.006001120070259994, 3.166496753692627e-07]"
2.0,154,False,False,True,True,False,False,139,0.21372796720241372,"[6.560679966405303e-06, 0.006001004188793197, 1.341104507446289e-07]"
2.0,155,False,False,False,False,False,False,171,0.12896020998179236,"[5.050599244438292e-06, 0.006000618371326328, 4.842889545614e-07]"
2.0,156,False,False,True,True,False,False,144,0.20747727539747052,"[2.8912207875597673e-06, 0.006000361797922216, 6.705522537231445e-07]"
2.0,157,False,False,True,True,False,False,150,0.2275298459267383,"[6.8813913456922116e-06, 0.006000865549253134, -4.469219086555647e-07]"
2.0,158,False,False,True,True,False,False,136,0.19784047197832821,"[1.269966564271252e-06, 0.005998955692739823, 1.0654960996563935e-06]"
2.0,159,False,False,True,True,False,False,155,0.2273243198797028,"[2.692046561836303e-06, 0.006000937266149765, -7.972139901075138e-07]"
4.0,140,False,False,True,True,False,False,164,0.23674167096024212,"[1.782275297290692e-06, 0.01200095744570265, 2.9799002455719497e-07]"
4.0,141,False,False,True,True,False,False,164,0.24402980754107495,"[9.229191589577024e-06, 0.01199962939129974, 3.6060724999708763e-06]"
4.0,142,False,False,True,True,False,False,157,0.24124987621725635,"[1.1531934217656747e-05, 0.01200099585940162, 9.238391353176599e-07]"
4.0,143,False,False,False,False,False,False,0,-0.8492464767790889,"[0.0, 0.0, 0.0]"
4.0,144,False,False,True,True,False,False,140,0.20977959304901628,"[7.975573762392107e-06, 0.012000353159957145, 1.3187527656555176e-06]"
4.0,145,False,False,True,True,False,False,146,0.2136497713808344,"[1.320599662180122e-06, 0.011999980054026332, 7.823146148315085e-07]"
4.0,146,False,False,True,True,False,False,153,0.22597087359223345,"[7.532185448411166e-06, 0.0120015953293341, 4.245626749215973e-07]"
4.0,147,False,False,True,True,False,False,162,0.22115048622718292,"[-1.70635586660417e-07, 0.012000684189625495, 5.067024006441567e-07]"
4.0,148,False,False,True,True,False,False,160,0.23009015286699963,"[-1.630662691665119e-05, 0.011949013084210921, -0.00015179067850112915]"
4.0,149,False,False,True,True,False,False,159,0.24037737006153992,"[1.551072135103082e-05, 0.012001540692542414, 8.488611498525302e-07]"
4.0,150,False,False,True,True,False,False,157,0.23780089714959285,"[6.534390295520609e-06, 0.011999771878040454, 1.7135693109891429e-06]"
4.0,151,False,False,True,True,False,False,163,0.23791447743782967,"[4.042620854793899e-06, 0.01200147782401313, -3.7246659265588913e-07]"
4.0,152,False,False,True,True,False,False,166,0.24341509349864077,"[8.974468735489793e-06, 0.011999950897576743, 2.2798749314238568e-06]"
4.0,153,False,False,True,True,False,False,148,0.2124152137239066,"[2.0794773081256324e-06, 0.01200151450723461, -7.450580596923828e-09]"
4.0,154,False,False,True,True,False,False,144,0.22483845320033846,"[1.2668826226802654e-05, 0.012001425133750335, 7.599592208862305e-07]"
4.0,155,False,False,False,False,False,False,172,0.1333807149524684,"[1.0272665219634991e-05, 0.012000946709092452, 1.758339451434022e-06]"
4.0,156,False,False,True,True,False,False,149,0.21942444119528837,"[5.5085361729823035e-06, 0.012000263497021567, 1.5124678611755371e-06]"
4.0,157,False,False,True,True,False,False,154,0.23817872304845,"[1.3079313907593537e-05, 0.012001074854766801, 9.837024649722863e-07]"
4.0,158,False,False,True,True,False,False,141,0.209795340210844,"[2.386624846334451e-06, 0.011998866273382355, 1.6318033094640904e-06]"
4.0,159,False,False,True,True,False,False,158,0.23404699374019844,"[5.3352815532203834e-06, 0.012001005632252927, 1.2665613792782254e-07]"
8.0,140,False,False,True,True,False,False,166,0.24578326343918278,"[3.869853292703951e-06, 0.024000770435598416, 1.6018084321028236e-06]"
8.0,141,False,False,True,True,False,False,166,0.2521997246692784,"[1.899981851904986e-05, 0.024001699402650546, 3.069622186646924e-06]"
8.0,142,False,False,True,True,False,False,159,0.2495935049356881,"[2.3641756187409158e-05, 0.024002290463687362, 1.8476782712749178e-06]"
8.0,143,False,False,False,False,False,False,0,-0.8492464767790889,"[0.0, 0.0, 0.0]"
8.0,144,False,False,True,True,False,False,142,0.21820613292742697,"[1.5854134524734276e-05, 0.024001462236935937, 2.2202730178833008e-06]"
8.0,145,False,False,True,True,False,False,151,0.22691729764388735,"[2.6610234035717717e-06, 0.02400207913910688, 2.4215117434704984e-07]"
8.0,146,False,False,True,True,False,False,156,0.23459514792138947,"[1.4917819546877986e-05, 0.024001961745238658, 1.5494799398914127e-06]"
8.0,147,False,False,True,True,False,False,164,0.23051550996310843,"[-3.8093595861043994e-07, 0.024001567970095745, 1.2145704784721659e-06]"
8.0,148,False,False,True,True,False,False,163,0.23896561173816488,"[-1.6168897136903393e-05, 0.02394667388359982, -0.0001510530710220337]"
8.0,149,False,False,True,True,False,False,163,0.25082941819342586,"[3.111025293539571e-05, 0.024002703709258666, 1.8765362497092159e-06]"
8.0,150,False,False,True,True,False,False,161,0.2505125627220033,"[1.3076945163503773e-05, 0.023999789489639337, 2.7565863669815044e-06]"
8.0,151,False,False,True,True,False,False,165,0.24671256989730317,"[7.983284049495332e-06, 0.02400193308468817, 7.451829292949185e-07]"
8.0,152,False,False,True,True,False,False,170,0.2540237014228863,"[1.8227528808534288e-05, 0.024000977042919303, 2.607697744746811e-06]"
8.0,153,False,False,True,True,False,False,150,0.22114263825721459,"[4.0671575529949155e-06, 0.024001716529589566, 1.1064112186431885e-06]"
8.0,154,False,False,True,True,False,False,146,0.23318603446697406,"[2.4364081777472624e-05, 0.0240021154284399, 1.4007091522216797e-06]"
8.0,155,False,False,False,False,False,False,174,0.14192246671761388,"[2.054603984641412e-05, 0.024000574260520307, 4.850332829440572e-06]"
8.0,156,False,False,True,True,False,False,151,0.2279900850827956,"[1.1433222981749314e-05, 0.023999229170222826, 4.000961780548096e-06]"
8.0,157,False,False,True,True,False,False,156,0.24606720361863843,"[2.5311470540134717e-05, 0.024001284134226624, 2.131317667215487e-06]"
8.0,158,False,False,True,True,False,False,144,0.2187191813140532,"[4.827726078099337e-06, 0.023999567533635295, 1.9523044531259274e-06]"
8.0,159,False,False,True,True,False,False,162,0.24689632287653285,"[1.0237050222627886e-05, 0.02400158334177966, 8.121058206078831e-07]"
