point_id,condition,magnitude_m,system,complete,comparison_valid,eligible_episodes,task_successes,validated_curve_success_rate,release_success_rate,support_stability_success_rate,retraction_success_rate,controller_completion_rate,disturbance_applied_episodes,missed_release_precondition_episodes,attempted_episodes,recovery_success_rate,mean_attempt_actions,mean_attempt_path_m,mean_total_path_m,mean_final_horizontal_error_m
normal,none,,baseline,True,True,18,18,1.0,1.0,1.0,1.0,1.0,0,0,0,,,,0.6796194839416269,0.0002805832241518639
normal,none,,v1,True,True,18,18,1.0,1.0,1.0,1.0,1.0,0,0,0,,,,0.6796194839416269,0.0002805832241518639
normal,none,,v2,True,True,18,18,1.0,1.0,1.0,1.0,1.0,0,0,0,,,,0.6796194839416269,0.0002805832241518639
release-shift-010mm,post_release_shift,0.01,baseline,True,True,18,18,1.0,1.0,1.0,1.0,1.0,18,0,0,,,,0.6796194839416269,0.010011270563764722
release-shift-010mm,post_release_shift,0.01,v1,True,True,18,18,1.0,1.0,1.0,1.0,1.0,18,0,0,,,,0.6796194839416269,0.010011270563764722
release-shift-010mm,post_release_shift,0.01,v2,True,True,18,18,1.0,1.0,1.0,1.0,1.0,18,0,0,,,,0.6796194839416269,0.010011270563764722
release-shift-040mm,post_release_shift,0.04,baseline,True,True,18,10,0.5555555555555556,1.0,1.0,1.0,1.0,18,0,0,,,,0.6795614173860053,0.02973231916970395
release-shift-040mm,post_release_shift,0.04,v1,True,True,18,10,0.5555555555555556,1.0,1.0,1.0,1.0,18,0,0,,,,0.6795614173860053,0.02973231916970395
release-shift-040mm,post_release_shift,0.04,v2,True,True,18,10,0.5555555555555556,0.5555555555555556,0.5555555555555556,0.5555555555555556,0.5555555555555556,18,0,8,0.0,109.75,0.38311932363933243,0.849886963566219,0.01084393070749607
release-shift-080mm,post_release_shift,0.08,baseline,True,True,18,0,0.0,1.0,1.0,1.0,1.0,18,0,0,,,,0.6795228288736564,0.08047229896494448
release-shift-080mm,post_release_shift,0.08,v1,True,True,18,0,0.0,1.0,1.0,1.0,1.0,18,0,0,,,,0.6795228288736564,0.08047229896494448
release-shift-080mm,post_release_shift,0.08,v2,True,True,18,0,0.0,0.0,0.0,0.0,0.0,18,0,18,0.0,123.11111111111111,0.44818111160946533,1.1278188465353784,0.006180356611634352
release-shift-120mm,post_release_shift,0.12,baseline,True,True,18,0,0.0,1.0,1.0,1.0,1.0,18,0,0,,,,0.6796194839416269,0.12000885709548093
release-shift-120mm,post_release_shift,0.12,v1,True,True,18,0,0.0,1.0,1.0,1.0,1.0,18,0,0,,,,0.6796194839416269,0.12000885709548093
release-shift-120mm,post_release_shift,0.12,v2,True,True,18,0,0.0,0.0,0.0,0.0,0.0,18,0,18,0.0,139.94444444444446,0.5284374269002988,1.2085859000957113,0.006320456849229914
release-shift-200mm,post_release_shift,0.2,baseline,True,True,18,0,0.0,1.0,1.0,1.0,1.0,18,0,0,,,,0.6796194839416269,0.20000878816900064
release-shift-200mm,post_release_shift,0.2,v1,True,True,18,0,0.0,1.0,1.0,1.0,1.0,18,0,0,,,,0.6796194839416269,0.20000878816900064
release-shift-200mm,post_release_shift,0.2,v2,True,True,18,0,0.0,0.0,0.0,0.0,0.0,18,0,18,0.0,173.44444444444446,0.6870322564746594,1.3678190498657774,0.006497485705819549
