point_id,condition,magnitude_m,system,complete,comparison_valid,eligible_episodes,task_successes,validated_curve_success_rate,release_success_rate,support_stability_success_rate,retraction_success_rate,controller_completion_rate,disturbance_applied_episodes,missed_release_precondition_episodes,attempted_episodes,recovery_success_rate,release_reached_attempts,release_executed_attempts,retraction_reached_attempts,retraction_executed_attempts,lower_phase_timeouts,mean_attempt_actions,mean_attempt_path_m,mean_total_path_m,mean_final_horizontal_error_m
normal,none,,baseline,True,True,19,19,1.0,1.0,1.0,1.0,1.0,0,0,0,,0,0,0,0,0,,,0.6615869618767873,0.0002840404712984913
normal,none,,v1,True,True,19,19,1.0,1.0,1.0,1.0,1.0,0,0,0,,0,0,0,0,0,,,0.6615869618767873,0.0002840404712984913
normal,none,,v2-old,True,True,19,19,1.0,1.0,1.0,1.0,1.0,0,0,0,,0,0,0,0,0,,,0.6615869618767873,0.0002840404712984913
normal,none,,v2r,True,True,19,19,1.0,1.0,1.0,1.0,1.0,0,0,0,,0,0,0,0,0,,,0.6615869618767873,0.0002840404712984913
release-shift-010mm,post_release_shift,0.01,baseline,True,True,19,19,1.0,1.0,1.0,1.0,1.0,19,0,0,,0,0,0,0,0,,,0.6615869618767873,0.010103435031345752
release-shift-010mm,post_release_shift,0.01,v1,True,True,19,19,1.0,1.0,1.0,1.0,1.0,19,0,0,,0,0,0,0,0,,,0.6615869618767873,0.010103435031345752
release-shift-010mm,post_release_shift,0.01,v2-old,True,True,19,19,1.0,1.0,1.0,1.0,1.0,19,0,0,,0,0,0,0,0,,,0.6615869618767873,0.010103435031345752
release-shift-010mm,post_release_shift,0.01,v2r,True,True,19,19,1.0,1.0,1.0,1.0,1.0,19,0,0,,0,0,0,0,0,,,0.6615869618767873,0.010103435031345752
release-shift-040mm,post_release_shift,0.04,baseline,True,True,19,6,0.3157894736842105,1.0,1.0,1.0,1.0,19,0,0,,0,0,0,0,0,,,0.6614476527931764,0.03766812340117311
release-shift-040mm,post_release_shift,0.04,v1,True,True,19,6,0.3157894736842105,1.0,1.0,1.0,1.0,19,0,0,,0,0,0,0,0,,,0.6614476527931764,0.03766812340117311
release-shift-040mm,post_release_shift,0.04,v2-old,True,True,19,6,0.3157894736842105,0.3157894736842105,0.3157894736842105,0.3157894736842105,0.3157894736842105,19,0,13,0.0,0,0,0,0,13,112.46153846153847,0.3825709691921366,0.9232718301966119,0.00903637440738258
release-shift-040mm,post_release_shift,0.04,v2r,True,True,19,19,1.0,1.0,1.0,1.0,1.0,19,0,13,1.0,13,13,13,13,0,130.6153846153846,0.5058577600750108,1.0081788024989957,0.0066420275524120935
release-shift-080mm,post_release_shift,0.08,baseline,True,True,19,0,0.0,1.0,1.0,1.0,1.0,19,0,0,,0,0,0,0,0,,,0.6615002580710145,0.08054368940760383
release-shift-080mm,post_release_shift,0.08,v1,True,True,19,0,0.0,1.0,1.0,1.0,1.0,19,0,0,,0,0,0,0,0,,,0.6615002580710145,0.08054368940760383
release-shift-080mm,post_release_shift,0.08,v2-old,True,True,19,0,0.0,0.0,0.0,0.0,0.0,19,0,19,0.0,0,0,0,0,19,123.21052631578948,0.4492414885687515,1.1115972349804042,0.006258786517429807
release-shift-080mm,post_release_shift,0.08,v2r,True,True,19,19,1.0,1.0,1.0,1.0,1.0,19,0,19,1.0,19,19,19,19,0,141.52631578947367,0.5712416108031788,1.2337287737440708,0.0021266523948428686
release-shift-120mm,post_release_shift,0.12,baseline,True,True,19,0,0.0,1.0,1.0,1.0,1.0,19,0,0,,0,0,0,0,0,,,0.6615869618767873,0.12010139578131007
release-shift-120mm,post_release_shift,0.12,v1,True,True,19,0,0.0,1.0,1.0,1.0,1.0,19,0,0,,0,0,0,0,0,,,0.6615869618767873,0.12010139578131007
release-shift-120mm,post_release_shift,0.12,v2-old,True,True,19,0,0.0,0.0,0.0,0.0,0.0,19,0,19,0.0,0,0,0,0,19,140.0,0.5291402737488541,1.19086713646877,0.00624527749056093
release-shift-120mm,post_release_shift,0.12,v2r,True,True,19,19,1.0,1.0,1.0,1.0,1.0,19,0,19,1.0,19,19,19,19,0,158.31578947368422,0.6514154883346596,1.3139893117464339,0.0020770222953083685
release-shift-200mm,post_release_shift,0.2,baseline,True,True,19,0,0.0,1.0,1.0,1.0,1.0,19,0,0,,0,0,0,0,0,,,0.6615869618767873,0.20010132353531793
release-shift-200mm,post_release_shift,0.2,v1,True,True,19,0,0.0,1.0,1.0,1.0,1.0,19,0,0,,0,0,0,0,0,,,0.6615869618767873,0.20010132353531793
release-shift-200mm,post_release_shift,0.2,v2-old,True,True,19,0,0.0,0.0,0.0,0.0,0.0,19,0,19,0.0,0,0,0,0,19,173.42105263157896,0.6874070841136589,1.3490787042516326,0.006401701795318439
release-shift-200mm,post_release_shift,0.2,v2r,True,True,19,19,1.0,1.0,1.0,1.0,1.0,19,0,19,1.0,19,19,19,19,0,191.73684210526315,0.809779669902862,1.4723534156110618,0.0022877607653734046
