point_id,command_force_y_n,system,requested,completed,excluded,eligible,task_successes,success_rate_requested,success_rate_eligible,force_applied_episodes,controller_complete,release_successes,stable_support_successes,retraction_successes,recovery_attempts,successful_recovery_episodes,verification_counts,failure_detection_precision,failure_detection_recall,diagnosis_accuracy_when_failure_detected,diagnosis_confusion,failure_detection_latency_steps,final_horizontal_error_m,observed_tcp_path_m,recovery_actions
normal,0.0,baseline,20,20,0,20,20,1.0,1.0,0,20,20,20,20,0,0,"{'steps': 0, 'uncertain_steps': 0, 'true_positive': 0, 'false_positive': 0, 'false_negative': 0, 'true_negative': 0, 'uncertain_on_negative': 0}",,,,{},"[None, None, None, None, None, None, None, None, None, None, None, None, None, None, None, None, None, None, None, None]","[0.0002889319520683919, 0.00023780224758594392, 0.00025522328199544545, 0.00031160652222988105, 0.0002809633089031525, 0.0003580466359195751, 0.00024135925977451767, 0.00019745617398670519, 0.00022917330893470924, 0.00025571647855211917, 0.00034924741347330644, 0.0003402015512354044, 0.00021576247958543025, 0.0002775676211245424, 0.00018804059598291845, 0.00036136597710173036, 0.0004017960379750116, 0.00022757707249186255, 0.00020637761146300273, 0.00037229064287778107]","[0.6975986156528332, 0.7459104082974711, 0.7270083809386795, 0.7398612632859686, 0.6725582517017088, 0.6231732343229961, 0.7136064609117213, 0.8239737292514421, 0.6291421011777336, 0.6132925948601825, 0.7620702071641996, 0.7740859885050981, 0.7693444846040212, 0.7118195026450201, 0.6793729138532797, 0.6473298188801984, 0.6122351561930591, 0.6617842960139908, 0.6562075749153827, 0.644836846138906]","[0, 0, 0, 0, 0, 0, 0, 0, 0, 0, 0, 0, 0, 0, 0, 0, 0, 0, 0, 0]"
normal,0.0,v1,20,20,0,20,20,1.0,1.0,0,20,20,20,20,0,0,"{'steps': 16000, 'uncertain_steps': 0, 'true_positive': 0, 'false_positive': 0, 'false_negative': 0, 'true_negative': 16000, 'uncertain_on_negative': 0}",,,,{'NONE->NONE': 16000},"[None, None, None, None, None, None, None, None, None, None, None, None, None, None, None, None, None, None, None, None]","[0.0002889319520683919, 0.00023780224758594392, 0.00025522328199544545, 0.00031160652222988105, 0.0002809633089031525, 0.0003580466359195751, 0.00024135925977451767, 0.00019745617398670519, 0.00022917330893470924, 0.00025571647855211917, 0.00034924741347330644, 0.0003402015512354044, 0.00021576247958543025, 0.0002775676211245424, 0.00018804059598291845, 0.00036136597710173036, 0.0004017960379750116, 0.00022757707249186255, 0.00020637761146300273, 0.00037229064287778107]","[0.6975986156528332, 0.7459104082974711, 0.7270083809386795, 0.7398612632859686, 0.6725582517017088, 0.6231732343229961, 0.7136064609117213, 0.8239737292514421, 0.6291421011777336, 0.6132925948601825, 0.7620702071641996, 0.7740859885050981, 0.7693444846040212, 0.7118195026450201, 0.6793729138532797, 0.6473298188801984, 0.6122351561930591, 0.6617842960139908, 0.6562075749153827, 0.644836846138906]","[0, 0, 0, 0, 0, 0, 0, 0, 0, 0, 0, 0, 0, 0, 0, 0, 0, 0, 0, 0]"
normal,0.0,v2,20,20,0,20,20,1.0,1.0,0,20,20,20,20,0,0,"{'steps': 16000, 'uncertain_steps': 0, 'true_positive': 0, 'false_positive': 0, 'false_negative': 0, 'true_negative': 16000, 'uncertain_on_negative': 0}",,,,{'NONE->NONE': 16000},"[None, None, None, None, None, None, None, None, None, None, None, None, None, None, None, None, None, None, None, None]","[0.0002889319520683919, 0.00023780224758594392, 0.00025522328199544545, 0.00031160652222988105, 0.0002809633089031525, 0.0003580466359195751, 0.00024135925977451767, 0.00019745617398670519, 0.00022917330893470924, 0.00025571647855211917, 0.00034924741347330644, 0.0003402015512354044, 0.00021576247958543025, 0.0002775676211245424, 0.00018804059598291845, 0.00036136597710173036, 0.0004017960379750116, 0.00022757707249186255, 0.00020637761146300273, 0.00037229064287778107]","[0.6975986156528332, 0.7459104082974711, 0.7270083809386795, 0.7398612632859686, 0.6725582517017088, 0.6231732343229961, 0.7136064609117213, 0.8239737292514421, 0.6291421011777336, 0.6132925948601825, 0.7620702071641996, 0.7740859885050981, 0.7693444846040212, 0.7118195026450201, 0.6793729138532797, 0.6473298188801984, 0.6122351561930591, 0.6617842960139908, 0.6562075749153827, 0.644836846138906]","[0, 0, 0, 0, 0, 0, 0, 0, 0, 0, 0, 0, 0, 0, 0, 0, 0, 0, 0, 0]"
force-easy-v1,0.41868388652801514,baseline,20,20,0,20,20,1.0,1.0,20,20,20,20,20,0,0,"{'steps': 0, 'uncertain_steps': 0, 'true_positive': 0, 'false_positive': 0, 'false_negative': 0, 'true_negative': 0, 'uncertain_on_negative': 0}",,,,{},"[None, None, None, None, None, None, None, None, None, None, None, None, None, None, None, None, None, None, None, None]","[0.00994631562851409, 0.010279313969449444, 0.009886796285633461, 0.010220074919278514, 0.009956095959317018, 0.009894921880990585, 0.010282868633263541, 0.010020329777840451, 0.010284747851069986, 0.009975600642335639, 0.010380866575424946, 0.010238443518550978, 0.009931292225799151, 0.01025161688722186, 0.010175114588458087, 0.010255158515174997, 0.010307653724228719, 0.009889657489429524, 0.010276125310757122, 0.010401249520256313]","[0.6975986156528332, 0.7459104082974711, 0.7270083809386795, 0.7398612632859686, 0.6725582517017088, 0.6231732343229961, 0.7136064609117213, 0.8239737292514421, 0.6291421011777336, 0.6132925948601825, 0.7620702071641996, 0.7740859885050981, 0.7693444846040212, 0.7118195026450201, 0.6793729138532797, 0.6473298188801984, 0.6122351561930591, 0.6617842960139908, 0.6562075749153827, 0.644836846138906]","[0, 0, 0, 0, 0, 0, 0, 0, 0, 0, 0, 0, 0, 0, 0, 0, 0, 0, 0, 0]"
force-easy-v1,0.41868388652801514,v1,20,20,0,20,20,1.0,1.0,20,20,20,20,20,0,0,"{'steps': 16000, 'uncertain_steps': 0, 'true_positive': 0, 'false_positive': 0, 'false_negative': 0, 'true_negative': 16000, 'uncertain_on_negative': 0}",,,,{'NONE->NONE': 16000},"[None, None, None, None, None, None, None, None, None, None, None, None, None, None, None, None, None, None, None, None]","[0.00994631562851409, 0.010279313969449444, 0.009886796285633461, 0.010220074919278514, 0.009956095959317018, 0.009894921880990585, 0.010282868633263541, 0.010020329777840451, 0.010284747851069986, 0.009975600642335639, 0.010380866575424946, 0.010238443518550978, 0.009931292225799151, 0.01025161688722186, 0.010175114588458087, 0.010255158515174997, 0.010307653724228719, 0.009889657489429524, 0.010276125310757122, 0.010401249520256313]","[0.6975986156528332, 0.7459104082974711, 0.7270083809386795, 0.7398612632859686, 0.6725582517017088, 0.6231732343229961, 0.7136064609117213, 0.8239737292514421, 0.6291421011777336, 0.6132925948601825, 0.7620702071641996, 0.7740859885050981, 0.7693444846040212, 0.7118195026450201, 0.6793729138532797, 0.6473298188801984, 0.6122351561930591, 0.6617842960139908, 0.6562075749153827, 0.644836846138906]","[0, 0, 0, 0, 0, 0, 0, 0, 0, 0, 0, 0, 0, 0, 0, 0, 0, 0, 0, 0]"
force-easy-v1,0.41868388652801514,v2,20,20,0,20,20,1.0,1.0,20,20,20,20,20,0,0,"{'steps': 16000, 'uncertain_steps': 0, 'true_positive': 0, 'false_positive': 0, 'false_negative': 0, 'true_negative': 16000, 'uncertain_on_negative': 0}",,,,{'NONE->NONE': 16000},"[None, None, None, None, None, None, None, None, None, None, None, None, None, None, None, None, None, None, None, None]","[0.00994631562851409, 0.010279313969449444, 0.009886796285633461, 0.010220074919278514, 0.009956095959317018, 0.009894921880990585, 0.010282868633263541, 0.010020329777840451, 0.010284747851069986, 0.009975600642335639, 0.010380866575424946, 0.010238443518550978, 0.009931292225799151, 0.01025161688722186, 0.010175114588458087, 0.010255158515174997, 0.010307653724228719, 0.009889657489429524, 0.010276125310757122, 0.010401249520256313]","[0.6975986156528332, 0.7459104082974711, 0.7270083809386795, 0.7398612632859686, 0.6725582517017088, 0.6231732343229961, 0.7136064609117213, 0.8239737292514421, 0.6291421011777336, 0.6132925948601825, 0.7620702071641996, 0.7740859885050981, 0.7693444846040212, 0.7118195026450201, 0.6793729138532797, 0.6473298188801984, 0.6122351561930591, 0.6617842960139908, 0.6562075749153827, 0.644836846138906]","[0, 0, 0, 0, 0, 0, 0, 0, 0, 0, 0, 0, 0, 0, 0, 0, 0, 0, 0, 0]"
force-probe-1,1.857688546180725,baseline,20,20,0,20,7,0.35,0.35,20,20,20,20,20,0,0,"{'steps': 0, 'uncertain_steps': 0, 'true_positive': 0, 'false_positive': 0, 'false_negative': 0, 'true_negative': 0, 'uncertain_on_negative': 0}",,,,{},"[None, None, None, None, None, None, None, None, None, None, None, None, None, None, None, None, None, None, None, None]","[0.019659462559180982, 0.08301050975961542, 0.023991587520009936, 0.02025150633344261, 0.019493104027970765, 0.04155490121446245, 0.038390743727360975, 0.040487349550769595, 0.03913414167792659, 0.018670630928201468, 0.0191705241754079, 0.020655033197436026, 0.11029427687895892, 0.030835592649561826, 0.07409929865762974, 0.029296723352841975, 0.049834602353835106, 0.047270129905337306, 0.16352792467144994, 0.027210332434540328]","[0.6976265667529359, 0.7458813680814789, 0.727070074686608, 0.7398823105359167, 0.6725901732422801, 0.623141243577421, 0.7135797048434528, 0.824042746693782, 0.6291257115361852, 0.6133311082040445, 0.7621151856673081, 0.77412311062119, 0.7693829229750024, 0.7118167663378344, 0.6793340733964645, 0.647370611771421, 0.6122905935981939, 0.6618277559323391, 0.656185393336514, 0.6448910290076033]","[0, 0, 0, 0, 0, 0, 0, 0, 0, 0, 0, 0, 0, 0, 0, 0, 0, 0, 0, 0]"
force-probe-1,1.857688546180725,v1,20,20,0,20,7,0.35,0.35,20,20,20,20,20,0,0,"{'steps': 16000, 'uncertain_steps': 0, 'true_positive': 5967, 'false_positive': 0, 'false_negative': 26, 'true_negative': 10007, 'uncertain_on_negative': 0}",1.0,0.9956616052060737,1.0,"{'NONE->NONE': 10007, 'PLACEMENT_TARGET_NOT_REACHED->NONE': 26, 'PLACEMENT_TARGET_NOT_REACHED->PLACEMENT_TARGET_NOT_REACHED': 5967}","[None, 2, None, None, None, 2, 2, 2, 2, None, None, None, 2, 2, 2, 2, 2, 2, 2, 2]","[0.019659462559180982, 0.08301050975961542, 0.023991587520009936, 0.02025150633344261, 0.019493104027970765, 0.04155490121446245, 0.038390743727360975, 0.040487349550769595, 0.03913414167792659, 0.018670630928201468, 0.0191705241754079, 0.020655033197436026, 0.11029427687895892, 0.030835592649561826, 0.07409929865762974, 0.029296723352841975, 0.049834602353835106, 0.047270129905337306, 0.16352792467144994, 0.027210332434540328]","[0.6976265667529359, 0.7458813680814789, 0.727070074686608, 0.7398823105359167, 0.6725901732422801, 0.623141243577421, 0.7135797048434528, 0.824042746693782, 0.6291257115361852, 0.6133311082040445, 0.7621151856673081, 0.77412311062119, 0.7693829229750024, 0.7118167663378344, 0.6793340733964645, 0.647370611771421, 0.6122905935981939, 0.6618277559323391, 0.656185393336514, 0.6448910290076033]","[0, 0, 0, 0, 0, 0, 0, 0, 0, 0, 0, 0, 0, 0, 0, 0, 0, 0, 0, 0]"
force-probe-1,1.857688546180725,v2,20,20,0,20,20,1.0,1.0,20,20,20,20,20,13,13,"{'steps': 16000, 'uncertain_steps': 0, 'true_positive': 13, 'false_positive': 0, 'false_negative': 26, 'true_negative': 15961, 'uncertain_on_negative': 0}",1.0,0.3333333333333333,1.0,"{'NONE->NONE': 15961, 'PLACEMENT_TARGET_NOT_REACHED->NONE': 26, 'PLACEMENT_TARGET_NOT_REACHED->PLACEMENT_TARGET_NOT_REACHED': 13}","[None, 2, None, None, None, 2, 2, 2, 2, None, None, None, 2, 2, 2, 2, 2, 2, 2, 2]","[0.019659462559180982, 0.004544307392394324, 0.023991587520009936, 0.02025150633344261, 0.019493104027970765, 0.003935829753259869, 0.0036207839584633658, 0.00288436576737216, 0.004641954937491465, 0.018670630928201468, 0.0191705241754079, 0.020655033197436026, 0.00273951554044181, 0.0035259141276664475, 0.004895392675459887, 0.002635248195563788, 0.002880453437156145, 0.003571485065621986, 0.003278085355233958, 0.002317166747224882]","[0.6976265667529359, 1.3200593567751666, 0.727070074686608, 0.7398823105359167, 0.6725901732422801, 1.1149770238581578, 1.1984027888073383, 1.3159289788627553, 1.1147213303664918, 0.6133311082040445, 0.7621151856673081, 0.77412311062119, 1.4017065514197153, 1.1834949370562085, 1.2345685899179182, 1.117636339900047, 1.1253690220692587, 1.165359005759114, 1.394610945572979, 1.1108028487076742]","[0, 152, 0, 0, 0, 130, 123, 124, 122, 0, 0, 0, 154, 120, 151, 131, 128, 126, 177, 129]"
force-probe-2,2.322110652923584,baseline,20,20,0,20,9,0.45,0.45,20,20,20,20,20,0,0,"{'steps': 0, 'uncertain_steps': 0, 'true_positive': 0, 'false_positive': 0, 'false_negative': 0, 'true_negative': 0, 'uncertain_on_negative': 0}",,,,{},"[None, None, None, None, None, None, None, None, None, None, None, None, None, None, None, None, None, None, None, None]","[0.018177082847456213, 0.10764767297772873, 0.020607296365020785, 0.02028193920483298, 0.018679728262910436, 0.047471275869750106, 0.04581995565714545, 0.04655280130122536, 0.04800334022737861, 0.01818165462303325, 0.020619543080947687, 0.020139569852026345, 0.1768431947460589, 0.032513096487699, 0.09814012538635043, 0.02079282401730221, 0.06682164644702211, 0.06367711480083865, 0.18949056180539758, 0.02108973865093532]","[0.697659074427479, 0.7459099178252464, 0.7270901666099946, 0.7398947045063986, 0.6726215801988262, 0.6231696998673388, 0.7136162474410115, 0.8240695254622942, 0.6291507123041362, 0.6133561295008808, 0.7621322258400559, 0.7741400818767616, 0.7694067811661471, 0.7118496163137512, 0.6793543277226766, 0.6473785976216756, 0.6123042779007681, 0.6618354159596469, 0.6561918754255261, 0.6449042754725445]","[0, 0, 0, 0, 0, 0, 0, 0, 0, 0, 0, 0, 0, 0, 0, 0, 0, 0, 0, 0]"
force-probe-2,2.322110652923584,v1,20,20,0,20,9,0.45,0.45,20,20,20,20,20,0,0,"{'steps': 16000, 'uncertain_steps': 0, 'true_positive': 5049, 'false_positive': 0, 'false_negative': 22, 'true_negative': 10929, 'uncertain_on_negative': 0}",1.0,0.9956616052060737,1.0,"{'NONE->NONE': 10929, 'PLACEMENT_TARGET_NOT_REACHED->NONE': 22, 'PLACEMENT_TARGET_NOT_REACHED->PLACEMENT_TARGET_NOT_REACHED': 5049}","[None, 2, None, None, None, 2, 2, 2, 2, None, None, None, 2, 2, 2, None, 2, 2, 2, None]","[0.018177082847456213, 0.10764767297772873, 0.020607296365020785, 0.02028193920483298, 0.018679728262910436, 0.047471275869750106, 0.04581995565714545, 0.04655280130122536, 0.04800334022737861, 0.01818165462303325, 0.020619543080947687, 0.020139569852026345, 0.1768431947460589, 0.032513096487699, 0.09814012538635043, 0.02079282401730221, 0.06682164644702211, 0.06367711480083865, 0.18949056180539758, 0.02108973865093532]","[0.697659074427479, 0.7459099178252464, 0.7270901666099946, 0.7398947045063986, 0.6726215801988262, 0.6231696998673388, 0.7136162474410115, 0.8240695254622942, 0.6291507123041362, 0.6133561295008808, 0.7621322258400559, 0.7741400818767616, 0.7694067811661471, 0.7118496163137512, 0.6793543277226766, 0.6473785976216756, 0.6123042779007681, 0.6618354159596469, 0.6561918754255261, 0.6449042754725445]","[0, 0, 0, 0, 0, 0, 0, 0, 0, 0, 0, 0, 0, 0, 0, 0, 0, 0, 0, 0]"
force-probe-2,2.322110652923584,v2,20,20,0,20,19,0.95,0.95,20,19,20,19,19,11,10,"{'steps': 16000, 'uncertain_steps': 0, 'true_positive': 12, 'false_positive': 0, 'false_negative': 22, 'true_negative': 15966, 'uncertain_on_negative': 0}",1.0,0.35294117647058826,1.0,"{'NONE->NONE': 15966, 'PLACEMENT_TARGET_NOT_REACHED->NONE': 22, 'PLACEMENT_TARGET_NOT_REACHED->PLACEMENT_TARGET_NOT_REACHED': 12}","[None, 2, None, None, None, 2, 2, 2, 2, None, None, None, 2, 2, 2, None, 2, 2, 2, None]","[0.018177082847456213, 0.0041210830127657245, 0.020607296365020785, 0.02028193920483298, 0.018679728262910436, 0.003876088658928944, 0.003834519747189376, 0.002752613859744819, 0.0037135957886858073, 0.01818165462303325, 0.020619543080947687, 0.020139569852026345, 0.17684291462862647, 0.0023661077121093204, 0.0030051966658640687, 0.02079282401730221, 0.0030957051452261243, 0.002882699438412113, 0.0033052245609043536, 0.02108973865093532]","[0.697659074427479, 1.3718067838423977, 0.7270901666099946, 0.7398947045063986, 0.6726215801988262, 1.1286173914431068, 1.2132540068386335, 1.3294921689315078, 1.1361756834092183, 0.6133561295008808, 0.7621322258400559, 0.7741400818767616, 1.0285561783106878, 1.187635468605556, 1.287768536407931, 0.6473785976216756, 1.1575618037447133, 1.2029334026477696, 1.4472321443625038, 0.6449042754725445]","[0, 153, 0, 0, 0, 127, 126, 127, 127, 0, 0, 0, 72, 138, 160, 0, 136, 134, 193, 0]"
force-probe-3,2.9026384353637695,baseline,20,20,0,20,7,0.35,0.35,20,20,20,19,20,0,0,"{'steps': 0, 'uncertain_steps': 0, 'true_positive': 0, 'false_positive': 0, 'false_negative': 0, 'true_negative': 0, 'uncertain_on_negative': 0}",,,,{},"[None, None, None, None, None, None, None, None, None, None, None, None, None, None, None, None, None, None, None, None]","[0.020407225997581453, 0.2639637492077586, 0.022979523885950242, 0.019273115710092787, 0.022166332729019016, 0.09609963848094345, 0.07842881118340882, 0.06876671012718612, 0.08688654306636463, 0.020803132057527797, 0.01971883757012215, 0.022878309209656184, 0.3234526568266349, 0.05545878007417868, 0.19201562617123302, 0.029959560132972643, 0.08143147868333979, 0.0783126104024151, 0.41320648128807225, 0.025246266215037772]","[0.6976598292174729, 0.7458807505528887, 0.7271296572276098, 0.7399191917531754, 0.6726213699998173, 0.6231423565446927, 0.7135908633087206, 0.8240969652370074, 0.6291304985039603, 0.6133630564963559, 0.7621607285128867, 0.7741719094888924, 0.7694048463176122, 0.7118410866183535, 0.6793229839826244, 0.6474272557722119, 0.612324587203465, 0.6618540799048868, 0.6561812977467327, 0.6449433508502181]","[0, 0, 0, 0, 0, 0, 0, 0, 0, 0, 0, 0, 0, 0, 0, 0, 0, 0, 0, 0]"
force-probe-3,2.9026384353637695,v1,20,20,0,20,7,0.35,0.35,20,20,20,19,20,0,0,"{'steps': 16000, 'uncertain_steps': 0, 'true_positive': 5967, 'false_positive': 0, 'false_negative': 26, 'true_negative': 10007, 'uncertain_on_negative': 0}",1.0,0.9956616052060737,1.0,"{'NONE->NONE': 10007, 'PLACEMENT_TARGET_NOT_REACHED->NONE': 26, 'PLACEMENT_TARGET_NOT_REACHED->PLACEMENT_TARGET_NOT_REACHED': 5967}","[None, 2, None, None, None, 2, 2, 2, 2, None, None, None, 2, 2, 2, 2, 2, 2, 2, 2]","[0.020407225997581453, 0.2639637492077586, 0.022979523885950242, 0.019273115710092787, 0.022166332729019016, 0.09609963848094345, 0.07842881118340882, 0.06876671012718612, 0.08688654306636463, 0.020803132057527797, 0.01971883757012215, 0.022878309209656184, 0.3234526568266349, 0.05545878007417868, 0.19201562617123302, 0.029959560132972643, 0.08143147868333979, 0.0783126104024151, 0.41320648128807225, 0.025246266215037772]","[0.6976598292174729, 0.7458807505528887, 0.7271296572276098, 0.7399191917531754, 0.6726213699998173, 0.6231423565446927, 0.7135908633087206, 0.8240969652370074, 0.6291304985039603, 0.6133630564963559, 0.7621607285128867, 0.7741719094888924, 0.7694048463176122, 0.7118410866183535, 0.6793229839826244, 0.6474272557722119, 0.612324587203465, 0.6618540799048868, 0.6561812977467327, 0.6449433508502181]","[0, 0, 0, 0, 0, 0, 0, 0, 0, 0, 0, 0, 0, 0, 0, 0, 0, 0, 0, 0]"
force-probe-3,2.9026384353637695,v2,20,20,0,20,18,0.9,0.9,20,18,20,19,20,13,11,"{'steps': 16000, 'uncertain_steps': 0, 'true_positive': 15, 'false_positive': 0, 'false_negative': 26, 'true_negative': 15959, 'uncertain_on_negative': 0}",1.0,0.36585365853658536,1.0,"{'NONE->NONE': 15959, 'PLACEMENT_TARGET_NOT_REACHED->NONE': 26, 'PLACEMENT_TARGET_NOT_REACHED->PLACEMENT_TARGET_NOT_REACHED': 15}","[None, 2, None, None, None, 2, 2, 2, 2, None, None, None, 2, 2, 2, 2, 2, 2, 2, 2]","[0.020407225997581453, 0.003907749322538708, 0.022979523885950242, 0.019273115710092787, 0.022166332729019016, 0.0038193878942249628, 0.003927813251731505, 0.00241277588185645, 0.005152928848743695, 0.020803132057527797, 0.01971883757012215, 0.022878309209656184, 0.3234526568266349, 0.004320308458569149, 0.0034353087538789543, 0.0022661388047176636, 0.0030056595733992837, 0.002708350210591098, 0.41320648128807225, 0.0018899592032879707]","[0.6976598292174729, 1.6852586474300764, 0.7271296572276098, 0.7399191917531754, 0.6726213699998173, 1.225724536059631, 1.2805360455424428, 1.3732700098944015, 1.2133752475689463, 0.6133630564963559, 0.7621607285128867, 0.7741719094888924, 1.0097172939778625, 1.228966941885462, 1.4778047737397422, 1.1189450313650513, 1.1867563762844469, 1.2318907118825653, 0.946985858968512, 1.1111928195320804]","[0, 222, 0, 0, 0, 156, 146, 136, 143, 0, 0, 0, 80, 129, 190, 137, 152, 150, 70, 128]"
force-probe-4,3.628298044204712,baseline,20,20,0,20,7,0.35,0.35,20,20,20,18,20,0,0,"{'steps': 0, 'uncertain_steps': 0, 'true_positive': 0, 'false_positive': 0, 'false_negative': 0, 'true_negative': 0, 'uncertain_on_negative': 0}",,,,{},"[None, None, None, None, None, None, None, None, None, None, None, None, None, None, None, None, None, None, None, None]","[0.01961970047730464, 0.2699347502004175, 0.03190263396203411, 0.020415208405826616, 0.021238053675216955, 0.15071435199143926, 0.15762240422808865, 0.19809131891438875, 0.15000094529961966, 0.01996566099443248, 0.020414981231391762, 0.02085927762852466, 0.45305426299034407, 0.1140523192522749, 0.2401781826252851, 0.020698126062523997, 0.227462769014854, 0.2183521062997677, 0.5651243922171857, 0.0389289043799835]","[0.6977434960155179, 0.7459024542214501, 0.7271967062219302, 0.739961184677099, 0.6727193034116951, 0.6231893610107778, 0.7136501800829317, 0.824143641782521, 0.6291722952240507, 0.6134373671064021, 0.7622064680185604, 0.7742230209338347, 0.7694859020784794, 0.7118954834431674, 0.6793547980083476, 0.647466818413934, 0.6123576502405782, 0.6618851743009609, 0.6561449571162017, 0.64500288272047]","[0, 0, 0, 0, 0, 0, 0, 0, 0, 0, 0, 0, 0, 0, 0, 0, 0, 0, 0, 0]"
force-probe-4,3.628298044204712,v1,20,20,0,20,7,0.35,0.35,20,20,20,18,20,0,0,"{'steps': 16000, 'uncertain_steps': 0, 'true_positive': 5967, 'false_positive': 0, 'false_negative': 26, 'true_negative': 10007, 'uncertain_on_negative': 0}",1.0,0.9956616052060737,1.0,"{'NONE->NONE': 10007, 'PLACEMENT_TARGET_NOT_REACHED->NONE': 26, 'PLACEMENT_TARGET_NOT_REACHED->PLACEMENT_TARGET_NOT_REACHED': 5967}","[None, 2, 2, None, None, 2, 2, 2, 2, None, None, None, 2, 2, 2, None, 2, 2, 2, 2]","[0.01961970047730464, 0.2699347502004175, 0.03190263396203411, 0.020415208405826616, 0.021238053675216955, 0.15071435199143926, 0.15762240422808865, 0.19809131891438875, 0.15000094529961966, 0.01996566099443248, 0.020414981231391762, 0.02085927762852466, 0.45305426299034407, 0.1140523192522749, 0.2401781826252851, 0.020698126062523997, 0.227462769014854, 0.2183521062997677, 0.5651243922171857, 0.0389289043799835]","[0.6977434960155179, 0.7459024542214501, 0.7271967062219302, 0.739961184677099, 0.6727193034116951, 0.6231893610107778, 0.7136501800829317, 0.824143641782521, 0.6291722952240507, 0.6134373671064021, 0.7622064680185604, 0.7742230209338347, 0.7694859020784794, 0.7118954834431674, 0.6793547980083476, 0.647466818413934, 0.6123576502405782, 0.6618851743009609, 0.6561449571162017, 0.64500288272047]","[0, 0, 0, 0, 0, 0, 0, 0, 0, 0, 0, 0, 0, 0, 0, 0, 0, 0, 0, 0]"
force-probe-4,3.628298044204712,v2,20,20,0,20,18,0.9,0.9,20,18,20,18,20,13,11,"{'steps': 16000, 'uncertain_steps': 0, 'true_positive': 15, 'false_positive': 0, 'false_negative': 26, 'true_negative': 15959, 'uncertain_on_negative': 0}",1.0,0.36585365853658536,1.0,"{'NONE->NONE': 15959, 'PLACEMENT_TARGET_NOT_REACHED->NONE': 26, 'PLACEMENT_TARGET_NOT_REACHED->PLACEMENT_TARGET_NOT_REACHED': 15}","[None, 2, 2, None, None, 2, 2, 2, 2, None, None, None, 2, 2, 2, None, 2, 2, 2, 2]","[0.01961970047730464, 0.003498278405448576, 0.0023495854865380915, 0.020415208405826616, 0.021238053675216955, 0.0030153616006592314, 0.002967505661230243, 0.0018067953071546968, 0.004267531910510874, 0.01996566099443248, 0.020414981231391762, 0.02085927762852466, 0.45305426299034407, 0.0037508979494955785, 0.003416568117294932, 0.020698126062523997, 0.002565395493092305, 0.00396589756320993, 0.5651243922171857, 0.001448750509570502]","[0.6977434960155179, 1.7000744690531826, 1.2017556261728566, 0.739961184677099, 0.6727193034116951, 1.3388436980511194, 1.4424688972795177, 1.6337322657082216, 1.3418322806554213, 0.6134373671064021, 0.7622064680185604, 0.7742230209338347, 0.9423885989271842, 1.352902878846158, 1.5725759220590756, 0.647466818413934, 1.4794432655610097, 1.5088273676486916, 0.9467970108662082, 1.1378735716510995]","[0, 227, 139, 0, 0, 179, 177, 196, 173, 0, 0, 0, 63, 156, 209, 0, 221, 200, 66, 125]"
