point_id,comparison,eligible_pairs,comparison_valid,both_failed,right_only_success,left_only_success,both_succeeded,success_rate_difference,mean_extra_retry_actions,mean_extra_total_path_m,mean_horizontal_error_difference_m
normal,v2r_vs_v2old,19,True,0,0,0,19,0.0,0.0,0.0,0.0
normal,v2old_vs_v1,19,True,0,0,0,19,0.0,0.0,0.0,0.0
normal,v2r_vs_v1,19,True,0,0,0,19,0.0,0.0,0.0,0.0
release-shift-010mm,v2r_vs_v2old,19,True,0,0,0,19,0.0,0.0,0.0,0.0
release-shift-010mm,v2old_vs_v1,19,True,0,0,0,19,0.0,0.0,0.0,0.0
release-shift-010mm,v2r_vs_v1,19,True,0,0,0,19,0.0,0.0,0.0,0.0
release-shift-040mm,v2r_vs_v2old,19,True,0,13,0,6,0.6842105263157895,12.421052631578947,0.08490697230238363,-0.002394346854970489
release-shift-040mm,v2old_vs_v1,19,True,13,0,0,6,0.0,76.94736842105263,0.26182417740343555,-0.02863174899379053
release-shift-040mm,v2r_vs_v1,19,True,0,13,0,6,0.6842105263157895,89.36842105263158,0.34673114970581903,-0.03102609584876102
release-shift-080mm,v2r_vs_v2old,19,True,0,19,0,0,1.0,18.31578947368421,0.12213153876366663,-0.004132134122586939
release-shift-080mm,v2old_vs_v1,19,True,19,0,0,0,0.0,123.21052631578948,0.45009697690938966,-0.07428490289017405
release-shift-080mm,v2r_vs_v1,19,True,0,19,0,0,1.0,141.52631578947367,0.5722285156730563,-0.07841703701276098
release-shift-120mm,v2r_vs_v2old,19,True,0,19,0,0,1.0,18.31578947368421,0.12312217527766373,-0.0041682551952525616
release-shift-120mm,v2old_vs_v1,19,True,19,0,0,0,0.0,140.0,0.5292801745919826,-0.11385611829074917
release-shift-120mm,v2r_vs_v1,19,True,0,19,0,0,1.0,158.31578947368422,0.6524023498696462,-0.11802437348600177
release-shift-200mm,v2r_vs_v2old,19,True,0,19,0,0,1.0,18.31578947368421,0.12327471135942876,-0.004113941029945035
release-shift-200mm,v2old_vs_v1,19,True,19,0,0,0,0.0,173.42105263157896,0.6874917423748453,-0.19369962173999947
release-shift-200mm,v2r_vs_v1,19,True,0,19,0,0,1.0,191.73684210526315,0.810766453734274,-0.19781356276994452
