point_id,seed,system,excluded,exclusion_reason,actions,task_success,release_success,support_stability_success,retracted,final_contact_grasped,final_horizontal_error_m,first_task_success_step,disturbance_applied,first_reference_failure_step,first_detected_failure_step,retry_attempts,retry_state,retry_trigger_step,retry_first_action_step,retry_actions,retry_path_m,total_path_m,abort_reason,abort_step,abort_lower_phase_step,abort_vertical_residual_m,abort_tcp_target_distance_m,abort_rotation_residual_rad,abort_cube_horizontal_error_m,abort_contact_grasped,abort_contact_supported,abort_vertical_table_contact_force_n,recovery_release_executed,terminal_actions_repeat_abort,replay_passed,independent_endpoint_passed,max_action_replay_error
normal,100,baseline,False,,800,True,True,True,True,False,0.0002630005483300996,316,False,,,0,disabled,,,0,0.0,0.7562428975433242,,,,,,,,,,,,,True,True,0.0
normal,100,v1,False,,800,True,True,True,True,False,0.0002630005483300996,316,False,,,0,disabled,,,0,0.0,0.7562428975433242,,,,,,,,,,,,,True,True,0.0
normal,100,v2,False,,800,True,True,True,True,False,0.0002630005483300996,316,False,,,0,nominal,,,0,0.0,0.7562428975433242,,,,,,,,,,,,,True,True,0.0
normal,101,baseline,False,,800,True,True,True,True,False,0.00024397320931851153,316,False,,,0,disabled,,,0,0.0,0.6638770321696982,,,,,,,,,,,,,True,True,0.0
normal,101,v1,False,,800,True,True,True,True,False,0.00024397320931851153,316,False,,,0,disabled,,,0,0.0,0.6638770321696982,,,,,,,,,,,,,True,True,0.0
normal,101,v2,False,,800,True,True,True,True,False,0.00024397320931851153,316,False,,,0,nominal,,,0,0.0,0.6638770321696982,,,,,,,,,,,,,True,True,0.0
release-shift-010mm,100,baseline,False,,800,True,True,True,True,False,0.010222961353238538,316,True,,,0,disabled,,,0,0.0,0.7562428975433242,,,,,,,,,,,,,True,True,0.0
release-shift-010mm,100,v1,False,,800,True,True,True,True,False,0.010222961353238538,316,True,,,0,disabled,,,0,0.0,0.7562428975433242,,,,,,,,,,,,,True,True,0.0
release-shift-010mm,100,v2,False,,800,True,True,True,True,False,0.010222961353238538,316,True,,,0,nominal,,,0,0.0,0.7562428975433242,,,,,,,,,,,,,True,True,0.0
release-shift-010mm,101,baseline,False,,800,True,True,True,True,False,0.009812295994352611,316,True,,,0,disabled,,,0,0.0,0.6638770321696982,,,,,,,,,,,,,True,True,0.0
release-shift-010mm,101,v1,False,,800,True,True,True,True,False,0.009812295994352611,316,True,,,0,disabled,,,0,0.0,0.6638770321696982,,,,,,,,,,,,,True,True,0.0
release-shift-010mm,101,v2,False,,800,True,True,True,True,False,0.009812295994352611,316,True,,,0,nominal,,,0,0.0,0.6638770321696982,,,,,,,,,,,,,True,True,0.0
release-shift-080mm,100,baseline,False,,800,False,True,True,True,False,0.08022223559639108,,True,340,,0,disabled,,,0,0.0,0.7562428975433242,,,,,,,,,,,,,True,True,0.0
release-shift-080mm,100,v1,False,,800,False,True,True,True,False,0.08022223559639108,,True,340,342,0,disabled,,,0,0.0,0.7562428975433242,,,,,,,,,,,,,True,True,0.0
release-shift-080mm,100,v2,False,,800,False,False,False,False,True,0.005563177341799942,,True,340,342,1,aborted,342,343,123,0.44620868990454626,1.2026486039774067,retry_lower_not_completed,465,40,0.011053391128778456,0.0129383135657094,0.01802650673252296,0.005567914329677465,True,True,21.24536895751953,False,True,True,True,0.0
release-shift-080mm,101,baseline,False,,800,False,True,True,True,False,0.0807060594317847,,True,340,,0,disabled,,,0,0.0,0.6636937316818493,,,,,,,,,,,,,True,True,0.0
release-shift-080mm,101,v1,False,,800,False,True,True,True,False,0.0807060594317847,,True,340,342,0,disabled,,,0,0.0,0.6636937316818493,,,,,,,,,,,,,True,True,0.0
release-shift-080mm,101,v2,False,,800,False,False,False,False,True,0.004941073366004458,,True,340,342,1,aborted,342,343,123,0.45196097832861876,1.1157261606017481,retry_lower_not_completed,465,40,0.007592335671186445,0.009765668059929703,0.06725980773949669,0.004940449664577537,True,True,26.372976303100586,False,True,True,True,0.0
normal,102,baseline,False,,800,True,True,True,True,False,0.00014917925851393263,316,False,,,0,disabled,,,0,0.0,0.7335188569538044,,,,,,,,,,,,,True,True,0.0
normal,102,v1,False,,800,True,True,True,True,False,0.00014917925851393263,316,False,,,0,disabled,,,0,0.0,0.7335188569538044,,,,,,,,,,,,,True,True,0.0
normal,102,v2,False,,800,True,True,True,True,False,0.00014917925851393263,316,False,,,0,nominal,,,0,0.0,0.7335188569538044,,,,,,,,,,,,,True,True,0.0
normal,103,baseline,False,,800,True,True,True,True,False,0.00034727939934994475,316,False,,,0,disabled,,,0,0.0,0.6414409700982516,,,,,,,,,,,,,True,True,0.0
normal,103,v1,False,,800,True,True,True,True,False,0.00034727939934994475,316,False,,,0,disabled,,,0,0.0,0.6414409700982516,,,,,,,,,,,,,True,True,0.0
normal,103,v2,False,,800,True,True,True,True,False,0.00034727939934994475,316,False,,,0,nominal,,,0,0.0,0.6414409700982516,,,,,,,,,,,,,True,True,0.0
normal,104,baseline,False,,800,True,True,True,True,False,0.00032673621275114905,317,False,,,0,disabled,,,0,0.0,0.6811727557013646,,,,,,,,,,,,,True,True,0.0
normal,104,v1,False,,800,True,True,True,True,False,0.00032673621275114905,317,False,,,0,disabled,,,0,0.0,0.6811727557013646,,,,,,,,,,,,,True,True,0.0
normal,104,v2,False,,800,True,True,True,True,False,0.00032673621275114905,317,False,,,0,nominal,,,0,0.0,0.6811727557013646,,,,,,,,,,,,,True,True,0.0
normal,105,baseline,False,,800,True,True,True,True,False,0.0002546527635030948,316,False,,,0,disabled,,,0,0.0,0.6026599060213184,,,,,,,,,,,,,True,True,0.0
normal,105,v1,False,,800,True,True,True,True,False,0.0002546527635030948,316,False,,,0,disabled,,,0,0.0,0.6026599060213184,,,,,,,,,,,,,True,True,0.0
normal,105,v2,False,,800,True,True,True,True,False,0.0002546527635030948,316,False,,,0,nominal,,,0,0.0,0.6026599060213184,,,,,,,,,,,,,True,True,0.0
normal,106,baseline,False,,800,True,True,True,True,False,0.00019195484527311096,316,False,,,0,disabled,,,0,0.0,0.7396290785647568,,,,,,,,,,,,,True,True,0.0
normal,106,v1,False,,800,True,True,True,True,False,0.00019195484527311096,316,False,,,0,disabled,,,0,0.0,0.7396290785647568,,,,,,,,,,,,,True,True,0.0
normal,106,v2,False,,800,True,True,True,True,False,0.00019195484527311096,316,False,,,0,nominal,,,0,0.0,0.7396290785647568,,,,,,,,,,,,,True,True,0.0
normal,107,baseline,True,initially_in_horizontal_target_region,0,False,False,False,False,,0.01599521381905585,,False,,,0,disabled,,,0,0.0,0.0,,,,,,,,,,,,,True,True,0.0
normal,107,v1,True,initially_in_horizontal_target_region,0,False,False,False,False,,0.01599521381905585,,False,,,0,disabled,,,0,0.0,0.0,,,,,,,,,,,,,True,True,0.0
normal,107,v2,True,initially_in_horizontal_target_region,0,False,False,False,False,,0.01599521381905585,,False,,,0,nominal,,,0,0.0,0.0,,,,,,,,,,,,,True,True,0.0
normal,108,baseline,False,,800,True,True,True,True,False,0.00026033095216912807,316,False,,,0,disabled,,,0,0.0,0.6159981721562837,,,,,,,,,,,,,True,True,0.0
normal,108,v1,False,,800,True,True,True,True,False,0.00026033095216912807,316,False,,,0,disabled,,,0,0.0,0.6159981721562837,,,,,,,,,,,,,True,True,0.0
normal,108,v2,False,,800,True,True,True,True,False,0.00026033095216912807,316,False,,,0,nominal,,,0,0.0,0.6159981721562837,,,,,,,,,,,,,True,True,0.0
normal,109,baseline,False,,800,True,True,True,True,False,0.00034121108793222515,316,False,,,0,disabled,,,0,0.0,0.5608992480046538,,,,,,,,,,,,,True,True,0.0
normal,109,v1,False,,800,True,True,True,True,False,0.00034121108793222515,316,False,,,0,disabled,,,0,0.0,0.5608992480046538,,,,,,,,,,,,,True,True,0.0
normal,109,v2,False,,800,True,True,True,True,False,0.00034121108793222515,316,False,,,0,nominal,,,0,0.0,0.5608992480046538,,,,,,,,,,,,,True,True,0.0
normal,110,baseline,False,,800,True,True,True,True,False,0.00039157672882204463,316,False,,,0,disabled,,,0,0.0,0.7590485411913265,,,,,,,,,,,,,True,True,0.0
normal,110,v1,False,,800,True,True,True,True,False,0.00039157672882204463,316,False,,,0,disabled,,,0,0.0,0.7590485411913265,,,,,,,,,,,,,True,True,0.0
normal,110,v2,False,,800,True,True,True,True,False,0.00039157672882204463,316,False,,,0,nominal,,,0,0.0,0.7590485411913265,,,,,,,,,,,,,True,True,0.0
normal,111,baseline,True,initially_in_horizontal_target_region,0,False,False,False,False,,0.023357287671771514,,False,,,0,disabled,,,0,0.0,0.0,,,,,,,,,,,,,True,True,0.0
normal,111,v1,True,initially_in_horizontal_target_region,0,False,False,False,False,,0.023357287671771514,,False,,,0,disabled,,,0,0.0,0.0,,,,,,,,,,,,,True,True,0.0
normal,111,v2,True,initially_in_horizontal_target_region,0,False,False,False,False,,0.023357287671771514,,False,,,0,nominal,,,0,0.0,0.0,,,,,,,,,,,,,True,True,0.0
normal,112,baseline,False,,800,True,True,True,True,False,0.0003180889425615368,316,False,,,0,disabled,,,0,0.0,0.7648397001605477,,,,,,,,,,,,,True,True,0.0
normal,112,v1,False,,800,True,True,True,True,False,0.0003180889425615368,316,False,,,0,disabled,,,0,0.0,0.7648397001605477,,,,,,,,,,,,,True,True,0.0
normal,112,v2,False,,800,True,True,True,True,False,0.0003180889425615368,316,False,,,0,nominal,,,0,0.0,0.7648397001605477,,,,,,,,,,,,,True,True,0.0
normal,113,baseline,False,,800,True,True,True,True,False,0.00019251616506721792,316,False,,,0,disabled,,,0,0.0,0.647290909657495,,,,,,,,,,,,,True,True,0.0
normal,113,v1,False,,800,True,True,True,True,False,0.00019251616506721792,316,False,,,0,disabled,,,0,0.0,0.647290909657495,,,,,,,,,,,,,True,True,0.0
normal,113,v2,False,,800,True,True,True,True,False,0.00019251616506721792,316,False,,,0,nominal,,,0,0.0,0.647290909657495,,,,,,,,,,,,,True,True,0.0
normal,114,baseline,False,,800,True,True,True,True,False,0.0002342353651348652,316,False,,,0,disabled,,,0,0.0,0.6401878598773413,,,,,,,,,,,,,True,True,0.0
normal,114,v1,False,,800,True,True,True,True,False,0.0002342353651348652,316,False,,,0,disabled,,,0,0.0,0.6401878598773413,,,,,,,,,,,,,True,True,0.0
normal,114,v2,False,,800,True,True,True,True,False,0.0002342353651348652,316,False,,,0,nominal,,,0,0.0,0.6401878598773413,,,,,,,,,,,,,True,True,0.0
normal,115,baseline,False,,800,True,True,True,True,False,0.00021018797307801362,317,False,,,0,disabled,,,0,0.0,0.6921762813057571,,,,,,,,,,,,,True,True,0.0
normal,115,v1,False,,800,True,True,True,True,False,0.00021018797307801362,317,False,,,0,disabled,,,0,0.0,0.6921762813057571,,,,,,,,,,,,,True,True,0.0
normal,115,v2,False,,800,True,True,True,True,False,0.00021018797307801362,317,False,,,0,nominal,,,0,0.0,0.6921762813057571,,,,,,,,,,,,,True,True,0.0
normal,116,baseline,False,,800,True,True,True,True,False,0.0002991672449563575,316,False,,,0,disabled,,,0,0.0,0.7480763442324014,,,,,,,,,,,,,True,True,0.0
normal,116,v1,False,,800,True,True,True,True,False,0.0002991672449563575,316,False,,,0,disabled,,,0,0.0,0.7480763442324014,,,,,,,,,,,,,True,True,0.0
normal,116,v2,False,,800,True,True,True,True,False,0.0002991672449563575,316,False,,,0,nominal,,,0,0.0,0.7480763442324014,,,,,,,,,,,,,True,True,0.0
normal,117,baseline,False,,800,True,True,True,True,False,0.0004060351756161063,316,False,,,0,disabled,,,0,0.0,0.6013388713625789,,,,,,,,,,,,,True,True,0.0
normal,117,v1,False,,800,True,True,True,True,False,0.0004060351756161063,316,False,,,0,disabled,,,0,0.0,0.6013388713625789,,,,,,,,,,,,,True,True,0.0
normal,117,v2,False,,800,True,True,True,True,False,0.0004060351756161063,316,False,,,0,nominal,,,0,0.0,0.6013388713625789,,,,,,,,,,,,,True,True,0.0
normal,118,baseline,False,,800,True,True,True,True,False,0.0003127708111651429,316,False,,,0,disabled,,,0,0.0,0.6541687018817504,,,,,,,,,,,,,True,True,0.0
normal,118,v1,False,,800,True,True,True,True,False,0.0003127708111651429,316,False,,,0,disabled,,,0,0.0,0.6541687018817504,,,,,,,,,,,,,True,True,0.0
normal,118,v2,False,,800,True,True,True,True,False,0.0003127708111651429,316,False,,,0,nominal,,,0,0.0,0.6541687018817504,,,,,,,,,,,,,True,True,0.0
normal,119,baseline,False,,800,True,True,True,True,False,0.00030760135119106805,316,False,,,0,disabled,,,0,0.0,0.7305845840666291,,,,,,,,,,,,,True,True,0.0
normal,119,v1,False,,800,True,True,True,True,False,0.00030760135119106805,316,False,,,0,disabled,,,0,0.0,0.7305845840666291,,,,,,,,,,,,,True,True,0.0
normal,119,v2,False,,800,True,True,True,True,False,0.00030760135119106805,316,False,,,0,nominal,,,0,0.0,0.7305845840666291,,,,,,,,,,,,,True,True,0.0
release-shift-010mm,102,baseline,False,,800,True,True,True,True,False,0.009968689794500442,316,True,,,0,disabled,,,0,0.0,0.7335188569538044,,,,,,,,,,,,,True,True,0.0
release-shift-010mm,102,v1,False,,800,True,True,True,True,False,0.009968689794500442,316,True,,,0,disabled,,,0,0.0,0.7335188569538044,,,,,,,,,,,,,True,True,0.0
release-shift-010mm,102,v2,False,,800,True,True,True,True,False,0.009968689794500442,316,True,,,0,nominal,,,0,0.0,0.7335188569538044,,,,,,,,,,,,,True,True,0.0
release-shift-010mm,103,baseline,False,,800,True,True,True,True,False,0.010224643541194655,316,True,,,0,disabled,,,0,0.0,0.6414409700982516,,,,,,,,,,,,,True,True,0.0
release-shift-010mm,103,v1,False,,800,True,True,True,True,False,0.010224643541194655,316,True,,,0,disabled,,,0,0.0,0.6414409700982516,,,,,,,,,,,,,True,True,0.0
release-shift-010mm,103,v2,False,,800,True,True,True,True,False,0.010224643541194655,316,True,,,0,nominal,,,0,0.0,0.6414409700982516,,,,,,,,,,,,,True,True,0.0
release-shift-010mm,104,baseline,False,,800,True,True,True,True,False,0.010250916667973703,317,True,,,0,disabled,,,0,0.0,0.6811727557013646,,,,,,,,,,,,,True,True,0.0
release-shift-010mm,104,v1,False,,800,True,True,True,True,False,0.010250916667973703,317,True,,,0,disabled,,,0,0.0,0.6811727557013646,,,,,,,,,,,,,True,True,0.0
release-shift-010mm,104,v2,False,,800,True,True,True,True,False,0.010250916667973703,317,True,,,0,nominal,,,0,0.0,0.6811727557013646,,,,,,,,,,,,,True,True,0.0
release-shift-010mm,105,baseline,False,,800,True,True,True,True,False,0.009882141197604735,316,True,,,0,disabled,,,0,0.0,0.6026599060213184,,,,,,,,,,,,,True,True,0.0
release-shift-010mm,105,v1,False,,800,True,True,True,True,False,0.009882141197604735,316,True,,,0,disabled,,,0,0.0,0.6026599060213184,,,,,,,,,,,,,True,True,0.0
release-shift-010mm,105,v2,False,,800,True,True,True,True,False,0.009882141197604735,316,True,,,0,nominal,,,0,0.0,0.6026599060213184,,,,,,,,,,,,,True,True,0.0
release-shift-010mm,106,baseline,False,,800,True,True,True,True,False,0.009938634093276149,316,True,,,0,disabled,,,0,0.0,0.7396290785647568,,,,,,,,,,,,,True,True,0.0
release-shift-010mm,106,v1,False,,800,True,True,True,True,False,0.009938634093276149,316,True,,,0,disabled,,,0,0.0,0.7396290785647568,,,,,,,,,,,,,True,True,0.0
release-shift-010mm,106,v2,False,,800,True,True,True,True,False,0.009938634093276149,316,True,,,0,nominal,,,0,0.0,0.7396290785647568,,,,,,,,,,,,,True,True,0.0
release-shift-010mm,107,baseline,True,initially_in_horizontal_target_region,0,False,False,False,False,,0.01599521381905585,,False,,,0,disabled,,,0,0.0,0.0,,,,,,,,,,,,,True,True,0.0
release-shift-010mm,107,v1,True,initially_in_horizontal_target_region,0,False,False,False,False,,0.01599521381905585,,False,,,0,disabled,,,0,0.0,0.0,,,,,,,,,,,,,True,True,0.0
release-shift-010mm,107,v2,True,initially_in_horizontal_target_region,0,False,False,False,False,,0.01599521381905585,,False,,,0,nominal,,,0,0.0,0.0,,,,,,,,,,,,,True,True,0.0
release-shift-010mm,108,baseline,False,,800,True,True,True,True,False,0.009897055166475958,316,True,,,0,disabled,,,0,0.0,0.6159981721562837,,,,,,,,,,,,,True,True,0.0
release-shift-010mm,108,v1,False,,800,True,True,True,True,False,0.009897055166475958,316,True,,,0,disabled,,,0,0.0,0.6159981721562837,,,,,,,,,,,,,True,True,0.0
release-shift-010mm,108,v2,False,,800,True,True,True,True,False,0.009897055166475958,316,True,,,0,nominal,,,0,0.0,0.6159981721562837,,,,,,,,,,,,,True,True,0.0
release-shift-010mm,109,baseline,False,,800,True,True,True,True,False,0.010220510326457759,316,True,,,0,disabled,,,0,0.0,0.5608992480046538,,,,,,,,,,,,,True,True,0.0
release-shift-010mm,109,v1,False,,800,True,True,True,True,False,0.010220510326457759,316,True,,,0,disabled,,,0,0.0,0.5608992480046538,,,,,,,,,,,,,True,True,0.0
release-shift-010mm,109,v2,False,,800,True,True,True,True,False,0.010220510326457759,316,True,,,0,nominal,,,0,0.0,0.5608992480046538,,,,,,,,,,,,,True,True,0.0
release-shift-010mm,110,baseline,False,,800,True,True,True,True,False,0.009815734170700313,316,True,,,0,disabled,,,0,0.0,0.7590485411913265,,,,,,,,,,,,,True,True,0.0
release-shift-010mm,110,v1,False,,800,True,True,True,True,False,0.009815734170700313,316,True,,,0,disabled,,,0,0.0,0.7590485411913265,,,,,,,,,,,,,True,True,0.0
release-shift-010mm,110,v2,False,,800,True,True,True,True,False,0.009815734170700313,316,True,,,0,nominal,,,0,0.0,0.7590485411913265,,,,,,,,,,,,,True,True,0.0
release-shift-010mm,111,baseline,True,initially_in_horizontal_target_region,0,False,False,False,False,,0.023357287671771514,,False,,,0,disabled,,,0,0.0,0.0,,,,,,,,,,,,,True,True,0.0
release-shift-010mm,111,v1,True,initially_in_horizontal_target_region,0,False,False,False,False,,0.023357287671771514,,False,,,0,disabled,,,0,0.0,0.0,,,,,,,,,,,,,True,True,0.0
release-shift-010mm,111,v2,True,initially_in_horizontal_target_region,0,False,False,False,False,,0.023357287671771514,,False,,,0,nominal,,,0,0.0,0.0,,,,,,,,,,,,,True,True,0.0
release-shift-010mm,112,baseline,False,,800,True,True,True,True,False,0.009847982418566355,316,True,,,0,disabled,,,0,0.0,0.7648397001605477,,,,,,,,,,,,,True,True,0.0
release-shift-010mm,112,v1,False,,800,True,True,True,True,False,0.009847982418566355,316,True,,,0,disabled,,,0,0.0,0.7648397001605477,,,,,,,,,,,,,True,True,0.0
release-shift-010mm,112,v2,False,,800,True,True,True,True,False,0.009847982418566355,316,True,,,0,nominal,,,0,0.0,0.7648397001605477,,,,,,,,,,,,,True,True,0.0
release-shift-010mm,113,baseline,False,,800,True,True,True,True,False,0.009888504516269884,316,True,,,0,disabled,,,0,0.0,0.647290909657495,,,,,,,,,,,,,True,True,0.0
release-shift-010mm,113,v1,False,,800,True,True,True,True,False,0.009888504516269884,316,True,,,0,disabled,,,0,0.0,0.647290909657495,,,,,,,,,,,,,True,True,0.0
release-shift-010mm,113,v2,False,,800,True,True,True,True,False,0.009888504516269884,316,True,,,0,nominal,,,0,0.0,0.647290909657495,,,,,,,,,,,,,True,True,0.0
release-shift-010mm,114,baseline,False,,800,True,True,True,True,False,0.009904405170107296,316,True,,,0,disabled,,,0,0.0,0.6401878598773413,,,,,,,,,,,,,True,True,0.0
release-shift-010mm,114,v1,False,,800,True,True,True,True,False,0.009904405170107296,316,True,,,0,disabled,,,0,0.0,0.6401878598773413,,,,,,,,,,,,,True,True,0.0
release-shift-010mm,114,v2,False,,800,True,True,True,True,False,0.009904405170107296,316,True,,,0,nominal,,,0,0.0,0.6401878598773413,,,,,,,,,,,,,True,True,0.0
release-shift-010mm,115,baseline,False,,800,True,True,True,True,False,0.01017561788924672,317,True,,,0,disabled,,,0,0.0,0.6921762813057571,,,,,,,,,,,,,True,True,0.0
release-shift-010mm,115,v1,False,,800,True,True,True,True,False,0.01017561788924672,317,True,,,0,disabled,,,0,0.0,0.6921762813057571,,,,,,,,,,,,,True,True,0.0
release-shift-010mm,115,v2,False,,800,True,True,True,True,False,0.01017561788924672,317,True,,,0,nominal,,,0,0.0,0.6921762813057571,,,,,,,,,,,,,True,True,0.0
release-shift-010mm,116,baseline,False,,800,True,True,True,True,False,0.009854877349351452,316,True,,,0,disabled,,,0,0.0,0.7480763442324014,,,,,,,,,,,,,True,True,0.0
release-shift-010mm,116,v1,False,,800,True,True,True,True,False,0.009854877349351452,316,True,,,0,disabled,,,0,0.0,0.7480763442324014,,,,,,,,,,,,,True,True,0.0
release-shift-010mm,116,v2,False,,800,True,True,True,True,False,0.009854877349351452,316,True,,,0,nominal,,,0,0.0,0.7480763442324014,,,,,,,,,,,,,True,True,0.0
release-shift-010mm,117,baseline,False,,800,True,True,True,True,False,0.009852023292674131,316,True,,,0,disabled,,,0,0.0,0.6013388713625789,,,,,,,,,,,,,True,True,0.0
release-shift-010mm,117,v1,False,,800,True,True,True,True,False,0.009852023292674131,316,True,,,0,disabled,,,0,0.0,0.6013388713625789,,,,,,,,,,,,,True,True,0.0
release-shift-010mm,117,v2,False,,800,True,True,True,True,False,0.009852023292674131,316,True,,,0,nominal,,,0,0.0,0.6013388713625789,,,,,,,,,,,,,True,True,0.0
release-shift-010mm,118,baseline,False,,800,True,True,True,True,False,0.010218175753279763,316,True,,,0,disabled,,,0,0.0,0.6541687018817504,,,,,,,,,,,,,True,True,0.0
release-shift-010mm,118,v1,False,,800,True,True,True,True,False,0.010218175753279763,316,True,,,0,disabled,,,0,0.0,0.6541687018817504,,,,,,,,,,,,,True,True,0.0
release-shift-010mm,118,v2,False,,800,True,True,True,True,False,0.010218175753279763,316,True,,,0,nominal,,,0,0.0,0.6541687018817504,,,,,,,,,,,,,True,True,0.0
release-shift-010mm,119,baseline,False,,800,True,True,True,True,False,0.010227701452494518,316,True,,,0,disabled,,,0,0.0,0.7305845840666291,,,,,,,,,,,,,True,True,0.0
release-shift-010mm,119,v1,False,,800,True,True,True,True,False,0.010227701452494518,316,True,,,0,disabled,,,0,0.0,0.7305845840666291,,,,,,,,,,,,,True,True,0.0
release-shift-010mm,119,v2,False,,800,True,True,True,True,False,0.010227701452494518,316,True,,,0,nominal,,,0,0.0,0.7305845840666291,,,,,,,,,,,,,True,True,0.0
release-shift-040mm,100,baseline,False,,800,False,True,True,True,False,0.09914326966683694,,True,340,,0,disabled,,,0,0.0,0.755877247051023,,,,,,,,,,,,,True,True,0.0
release-shift-040mm,100,v1,False,,800,False,True,True,True,False,0.09914326966683694,,True,340,342,0,disabled,,,0,0.0,0.755877247051023,,,,,,,,,,,,,True,True,0.0
release-shift-040mm,100,v2,False,,800,False,False,False,False,True,0.0037371049483792655,,True,340,342,1,aborted,342,343,128,0.47501575912939126,1.2309655356057838,retry_lower_not_completed,470,40,0.010889098376035689,0.012784685490528898,0.17731692031820268,0.0037372812405194926,True,True,20.841840744018555,False,True,True,True,0.0
release-shift-040mm,101,baseline,False,,800,True,True,True,True,False,0.016093486483828152,316,True,,,0,disabled,,,0,0.0,0.6638804155789738,,,,,,,,,,,,,True,True,0.0
release-shift-040mm,101,v1,False,,800,True,True,True,True,False,0.016093486483828152,316,True,,,0,disabled,,,0,0.0,0.6638804155789738,,,,,,,,,,,,,True,True,0.0
release-shift-040mm,101,v2,False,,800,True,True,True,True,False,0.016093486483828152,316,True,,,0,nominal,,,0,0.0,0.6638804155789738,,,,,,,,,,,,,True,True,0.0
release-shift-040mm,102,baseline,False,,800,False,True,True,True,False,0.04077141731968902,,True,340,,0,disabled,,,0,0.0,0.7335210051731024,,,,,,,,,,,,,True,True,0.0
release-shift-040mm,102,v1,False,,800,False,True,True,True,False,0.04077141731968902,,True,340,342,0,disabled,,,0,0.0,0.7335210051731024,,,,,,,,,,,,,True,True,0.0
release-shift-040mm,102,v2,False,,800,False,False,False,False,True,0.006792802485732839,,True,340,342,1,aborted,342,343,107,0.371507009566216,1.105208723076583,retry_lower_not_completed,449,40,0.009831384152173994,0.011936328296355018,0.039642677997085984,0.006791918779215759,True,True,25.22662353515625,False,True,True,True,0.0
release-shift-040mm,103,baseline,False,,800,True,True,True,True,False,0.012366566662105956,316,True,,,0,disabled,,,0,0.0,0.6414483343490403,,,,,,,,,,,,,True,True,0.0
release-shift-040mm,103,v1,False,,800,True,True,True,True,False,0.012366566662105956,316,True,,,0,disabled,,,0,0.0,0.6414483343490403,,,,,,,,,,,,,True,True,0.0
release-shift-040mm,103,v2,False,,800,True,True,True,True,False,0.012366566662105956,316,True,,,0,nominal,,,0,0.0,0.6414483343490403,,,,,,,,,,,,,True,True,0.0
release-shift-040mm,104,baseline,False,,800,True,True,True,True,False,0.01954538444691366,317,True,,,0,disabled,,,0,0.0,0.681175695703786,,,,,,,,,,,,,True,True,0.0
release-shift-040mm,104,v1,False,,800,True,True,True,True,False,0.01954538444691366,317,True,,,0,disabled,,,0,0.0,0.681175695703786,,,,,,,,,,,,,True,True,0.0
release-shift-040mm,104,v2,False,,800,True,True,True,True,False,0.01954538444691366,317,True,,,0,nominal,,,0,0.0,0.681175695703786,,,,,,,,,,,,,True,True,0.0
release-shift-040mm,105,baseline,False,,800,True,True,True,True,False,0.013397994504164804,316,True,,,0,disabled,,,0,0.0,0.60266524810307,,,,,,,,,,,,,True,True,0.0
release-shift-040mm,105,v1,False,,800,True,True,True,True,False,0.013397994504164804,316,True,,,0,disabled,,,0,0.0,0.60266524810307,,,,,,,,,,,,,True,True,0.0
release-shift-040mm,105,v2,False,,800,True,True,True,True,False,0.013397994504164804,316,True,,,0,nominal,,,0,0.0,0.60266524810307,,,,,,,,,,,,,True,True,0.0
release-shift-040mm,106,baseline,False,,800,False,True,True,True,False,0.039710676330445074,,True,340,,0,disabled,,,0,0.0,0.7392943196112741,,,,,,,,,,,,,True,True,0.0
release-shift-040mm,106,v1,False,,800,False,True,True,True,False,0.039710676330445074,,True,340,342,0,disabled,,,0,0.0,0.7392943196112741,,,,,,,,,,,,,True,True,0.0
release-shift-040mm,106,v2,False,,800,False,False,False,False,True,0.00777837327043395,,True,340,342,1,aborted,342,343,106,0.36281156676482995,1.1023036716214378,retry_lower_not_completed,448,40,0.011551685959100721,0.013414693281222129,0.052915680157889736,0.007777939737444365,True,True,20.801855087280273,False,True,True,True,0.0
release-shift-040mm,107,baseline,True,initially_in_horizontal_target_region,0,False,False,False,False,,0.01599521381905585,,False,,,0,disabled,,,0,0.0,0.0,,,,,,,,,,,,,True,True,0.0
release-shift-040mm,107,v1,True,initially_in_horizontal_target_region,0,False,False,False,False,,0.01599521381905585,,False,,,0,disabled,,,0,0.0,0.0,,,,,,,,,,,,,True,True,0.0
release-shift-040mm,107,v2,True,initially_in_horizontal_target_region,0,False,False,False,False,,0.01599521381905585,,False,,,0,nominal,,,0,0.0,0.0,,,,,,,,,,,,,True,True,0.0
release-shift-040mm,108,baseline,False,,800,True,True,True,True,False,0.012707378515845979,316,True,,,0,disabled,,,0,0.0,0.6160087651981427,,,,,,,,,,,,,True,True,0.0
release-shift-040mm,108,v1,False,,800,True,True,True,True,False,0.012707378515845979,316,True,,,0,disabled,,,0,0.0,0.6160087651981427,,,,,,,,,,,,,True,True,0.0
release-shift-040mm,108,v2,False,,800,True,True,True,True,False,0.012707378515845979,316,True,,,0,nominal,,,0,0.0,0.6160087651981427,,,,,,,,,,,,,True,True,0.0
release-shift-040mm,109,baseline,False,,800,True,True,True,True,False,0.01270773802607435,316,True,,,0,disabled,,,0,0.0,0.5609052114850113,,,,,,,,,,,,,True,True,0.0
release-shift-040mm,109,v1,False,,800,True,True,True,True,False,0.01270773802607435,316,True,,,0,disabled,,,0,0.0,0.5609052114850113,,,,,,,,,,,,,True,True,0.0
release-shift-040mm,109,v2,False,,800,True,True,True,True,False,0.01270773802607435,316,True,,,0,nominal,,,0,0.0,0.5609052114850113,,,,,,,,,,,,,True,True,0.0
release-shift-040mm,110,baseline,False,,800,False,True,True,True,False,0.040893742428413364,,True,340,,0,disabled,,,0,0.0,0.7587587763944226,,,,,,,,,,,,,True,True,0.0
release-shift-040mm,110,v1,False,,800,False,True,True,True,False,0.040893742428413364,,True,340,342,0,disabled,,,0,0.0,0.7587587763944226,,,,,,,,,,,,,True,True,0.0
release-shift-040mm,110,v2,False,,800,False,False,False,False,True,0.006259972624545299,,True,340,342,1,aborted,342,343,107,0.3694319539886703,1.1282868343932149,retry_lower_not_completed,449,40,0.01034244182705879,0.012427323960881274,0.07158854662219641,0.006260076913269448,True,True,21.394088745117188,False,True,True,True,0.0
release-shift-040mm,111,baseline,True,initially_in_horizontal_target_region,0,False,False,False,False,,0.023357287671771514,,False,,,0,disabled,,,0,0.0,0.0,,,,,,,,,,,,,True,True,0.0
release-shift-040mm,111,v1,True,initially_in_horizontal_target_region,0,False,False,False,False,,0.023357287671771514,,False,,,0,disabled,,,0,0.0,0.0,,,,,,,,,,,,,True,True,0.0
release-shift-040mm,111,v2,True,initially_in_horizontal_target_region,0,False,False,False,False,,0.023357287671771514,,False,,,0,nominal,,,0,0.0,0.0,,,,,,,,,,,,,True,True,0.0
release-shift-040mm,112,baseline,False,,800,False,True,True,True,False,0.04590893504358808,,True,340,,0,disabled,,,0,0.0,0.7647166467592261,,,,,,,,,,,,,True,True,0.0
release-shift-040mm,112,v1,False,,800,False,True,True,True,False,0.04590893504358808,,True,340,342,0,disabled,,,0,0.0,0.7647166467592261,,,,,,,,,,,,,True,True,0.0
release-shift-040mm,112,v2,False,,800,False,False,False,False,True,0.008200273403670513,,True,340,342,1,aborted,342,343,108,0.3765195111624571,1.1413117208814612,retry_lower_not_completed,450,40,0.010946080416440962,0.013032760913083708,0.1401883852601455,0.008200891065135343,True,True,22.412517547607422,False,True,True,True,0.0
release-shift-040mm,113,baseline,False,,800,False,True,True,True,False,0.04186528904250439,,True,340,,0,disabled,,,0,0.0,0.6472967880905662,,,,,,,,,,,,,True,True,0.0
release-shift-040mm,113,v1,False,,800,False,True,True,True,False,0.04186528904250439,,True,340,342,0,disabled,,,0,0.0,0.6472967880905662,,,,,,,,,,,,,True,True,0.0
release-shift-040mm,113,v2,False,,800,False,False,False,False,True,0.00753600730531733,,True,340,342,1,aborted,342,343,107,0.36991108841203885,1.0173211387108456,retry_lower_not_completed,449,40,0.010767974287271498,0.012903541815755417,0.06920979075690054,0.0075361654523699,True,True,24.205169677734375,False,True,True,True,0.0
release-shift-040mm,114,baseline,False,,800,True,True,True,True,False,0.013740320318896186,316,True,,,0,disabled,,,0,0.0,0.6401978944990354,,,,,,,,,,,,,True,True,0.0
release-shift-040mm,114,v1,False,,800,True,True,True,True,False,0.013740320318896186,316,True,,,0,disabled,,,0,0.0,0.6401978944990354,,,,,,,,,,,,,True,True,0.0
release-shift-040mm,114,v2,False,,800,True,True,True,True,False,0.013740320318896186,316,True,,,0,nominal,,,0,0.0,0.6401978944990354,,,,,,,,,,,,,True,True,0.0
release-shift-040mm,115,baseline,False,,800,False,True,True,True,False,0.043314245334545295,,True,340,,0,disabled,,,0,0.0,0.6921767627385583,,,,,,,,,,,,,True,True,0.0
release-shift-040mm,115,v1,False,,800,False,True,True,True,False,0.043314245334545295,,True,340,342,0,disabled,,,0,0.0,0.6921767627385583,,,,,,,,,,,,,True,True,0.0
release-shift-040mm,115,v2,False,,800,False,False,False,False,True,0.005460431380488124,,True,340,342,1,aborted,342,343,108,0.37215803870937536,1.0644158470941127,retry_lower_not_completed,450,40,0.01178604397177696,0.013555613772916978,0.05388669080624111,0.00546089139409648,True,True,17.7578125,False,True,True,True,0.0
release-shift-040mm,116,baseline,False,,800,True,True,True,True,False,0.015650710133233603,316,True,,,0,disabled,,,0,0.0,0.7480815936059889,,,,,,,,,,,,,True,True,0.0
release-shift-040mm,116,v1,False,,800,True,True,True,True,False,0.015650710133233603,316,True,,,0,disabled,,,0,0.0,0.7480815936059889,,,,,,,,,,,,,True,True,0.0
release-shift-040mm,116,v2,False,,800,True,True,True,True,False,0.015650710133233603,316,True,,,0,nominal,,,0,0.0,0.7480815936059889,,,,,,,,,,,,,True,True,0.0
release-shift-040mm,117,baseline,False,,800,False,True,True,True,False,0.040292421922968835,,True,340,,0,disabled,,,0,0.0,0.6013421969168016,,,,,,,,,,,,,True,True,0.0
release-shift-040mm,117,v1,False,,800,False,True,True,True,False,0.040292421922968835,,True,340,342,0,disabled,,,0,0.0,0.6013421969168016,,,,,,,,,,,,,True,True,0.0
release-shift-040mm,117,v2,False,,800,False,False,False,False,True,0.006144039350681634,,True,340,342,1,aborted,342,343,107,0.36759966138168043,0.9690301025953826,retry_lower_not_completed,449,40,0.010531060725450514,0.012500680429529048,0.024072941876500272,0.006144118103019048,True,True,19.997472763061523,False,True,True,True,0.0
release-shift-040mm,118,baseline,False,,800,True,True,True,True,False,0.012327121950195861,316,True,,,0,disabled,,,0,0.0,0.6541716856181417,,,,,,,,,,,,,True,True,0.0
release-shift-040mm,118,v1,False,,800,True,True,True,True,False,0.012327121950195861,316,True,,,0,disabled,,,0,0.0,0.6541716856181417,,,,,,,,,,,,,True,True,0.0
release-shift-040mm,118,v2,False,,800,True,True,True,True,False,0.012327121950195861,316,True,,,0,nominal,,,0,0.0,0.6541716856181417,,,,,,,,,,,,,True,True,0.0
release-shift-040mm,119,baseline,False,,800,True,True,True,True,False,0.014745046924421744,316,True,,,0,disabled,,,0,0.0,0.7305869260719313,,,,,,,,,,,,,True,True,0.0
release-shift-040mm,119,v1,False,,800,True,True,True,True,False,0.014745046924421744,316,True,,,0,disabled,,,0,0.0,0.7305869260719313,,,,,,,,,,,,,True,True,0.0
release-shift-040mm,119,v2,False,,800,True,True,True,True,False,0.014745046924421744,316,True,,,0,nominal,,,0,0.0,0.7305869260719313,,,,,,,,,,,,,True,True,0.0
release-shift-080mm,102,baseline,False,,800,False,True,True,True,False,0.07996780236738528,,True,340,,0,disabled,,,0,0.0,0.7335188569538044,,,,,,,,,,,,,True,True,0.0
release-shift-080mm,102,v1,False,,800,False,True,True,True,False,0.07996780236738528,,True,340,342,0,disabled,,,0,0.0,0.7335188569538044,,,,,,,,,,,,,True,True,0.0
release-shift-080mm,102,v2,False,,800,False,False,False,False,True,0.007588468817320582,,True,340,342,1,aborted,342,343,123,0.44986736528145643,1.1834834423929574,retry_lower_not_completed,465,40,0.01062180134654045,0.012849822647008744,0.018621549708866144,0.007588848010477946,True,True,26.331270217895508,False,True,True,True,0.0
release-shift-080mm,103,baseline,False,,800,False,True,True,True,False,0.08066392076493072,,True,340,,0,disabled,,,0,0.0,0.6413332355574772,,,,,,,,,,,,,True,True,0.0
release-shift-080mm,103,v1,False,,800,False,True,True,True,False,0.08066392076493072,,True,340,342,0,disabled,,,0,0.0,0.6413332355574772,,,,,,,,,,,,,True,True,0.0
release-shift-080mm,103,v2,False,,800,False,False,False,False,True,0.006316017318216767,,True,340,342,1,aborted,342,343,123,0.4456459729732313,1.0870531520535212,retry_lower_not_completed,465,40,0.011411160558462141,0.013307890609474035,0.017995847050458227,0.0063160771335969545,True,True,20.040929794311523,False,True,True,True,0.0
release-shift-080mm,104,baseline,False,,800,False,True,True,True,False,0.08131018200665868,,True,340,,0,disabled,,,0,0.0,0.6809205757072416,,,,,,,,,,,,,True,True,0.0
release-shift-080mm,104,v1,False,,800,False,True,True,True,False,0.08131018200665868,,True,340,342,0,disabled,,,0,0.0,0.6809205757072416,,,,,,,,,,,,,True,True,0.0
release-shift-080mm,104,v2,False,,800,False,False,False,False,True,0.005605343970113728,,True,340,342,1,aborted,342,343,124,0.4494210684398151,1.1304000230316023,retry_lower_not_completed,466,40,0.011684969395399092,0.013441335422674793,0.01941493273176975,0.005605401019009881,True,True,18.619192123413086,False,True,True,True,0.0
release-shift-080mm,105,baseline,False,,800,False,True,True,True,False,0.08056580385623145,,True,340,,0,disabled,,,0,0.0,0.602553348176368,,,,,,,,,,,,,True,True,0.0
release-shift-080mm,105,v1,False,,800,False,True,True,True,False,0.08056580385623145,,True,340,342,0,disabled,,,0,0.0,0.602553348176368,,,,,,,,,,,,,True,True,0.0
release-shift-080mm,105,v2,False,,800,False,False,False,False,True,0.005520946714964772,,True,340,342,1,aborted,342,343,123,0.45039261547738113,1.0530226712599169,retry_lower_not_completed,465,40,0.009425908654928206,0.011649301615248396,0.019819540700981877,0.0055209206390737465,True,True,26.7827091217041,False,True,True,True,0.0
release-shift-080mm,106,baseline,False,,800,False,True,True,True,False,0.07993715571399389,,True,340,,0,disabled,,,0,0.0,0.7396290785647568,,,,,,,,,,,,,True,True,0.0
release-shift-080mm,106,v1,False,,800,False,True,True,True,False,0.07993715571399389,,True,340,342,0,disabled,,,0,0.0,0.7396290785647568,,,,,,,,,,,,,True,True,0.0
release-shift-080mm,106,v2,False,,800,False,False,False,False,True,0.006859889367439604,,True,340,342,1,aborted,342,343,123,0.4456478931769197,1.1854677188851759,retry_lower_not_completed,465,40,0.010949686497449873,0.01277425863541964,0.017425178133696866,0.006859397439784093,True,True,20.381811141967773,False,True,True,True,0.0
release-shift-080mm,107,baseline,True,initially_in_horizontal_target_region,0,False,False,False,False,,0.01599521381905585,,False,,,0,disabled,,,0,0.0,0.0,,,,,,,,,,,,,True,True,0.0
release-shift-080mm,107,v1,True,initially_in_horizontal_target_region,0,False,False,False,False,,0.01599521381905585,,False,,,0,disabled,,,0,0.0,0.0,,,,,,,,,,,,,True,True,0.0
release-shift-080mm,107,v2,True,initially_in_horizontal_target_region,0,False,False,False,False,,0.01599521381905585,,False,,,0,nominal,,,0,0.0,0.0,,,,,,,,,,,,,True,True,0.0
release-shift-080mm,108,baseline,False,,800,False,True,True,True,False,0.08057799614176234,,True,340,,0,disabled,,,0,0.0,0.6158799000054926,,,,,,,,,,,,,True,True,0.0
release-shift-080mm,108,v1,False,,800,False,True,True,True,False,0.08057799614176234,,True,340,342,0,disabled,,,0,0.0,0.6158799000054926,,,,,,,,,,,,,True,True,0.0
release-shift-080mm,108,v2,False,,800,False,False,False,False,True,0.006044320852018464,,True,340,342,1,aborted,342,343,123,0.44798156916223303,1.063929612515328,retry_lower_not_completed,465,40,0.01062809708714485,0.012716964560352347,0.026729260433511308,0.006044258012179641,True,True,21.43134307861328,False,True,True,True,0.0
release-shift-080mm,109,baseline,False,,800,False,True,True,True,False,0.08072196052953877,,True,340,,0,disabled,,,0,0.0,0.5607755820967805,,,,,,,,,,,,,True,True,0.0
release-shift-080mm,109,v1,False,,800,False,True,True,True,False,0.08072196052953877,,True,340,342,0,disabled,,,0,0.0,0.5607755820967805,,,,,,,,,,,,,True,True,0.0
release-shift-080mm,109,v2,False,,800,False,False,False,False,True,0.006456797862529732,,True,340,342,1,aborted,342,343,123,0.44741036263612877,1.0082625300531196,retry_lower_not_completed,465,40,0.010693811208009718,0.012839713207207787,0.021671384782457184,0.00645690729528384,True,True,22.157428741455078,False,True,True,True,0.0
release-shift-080mm,110,baseline,False,,800,False,True,True,True,False,0.07981037672529298,,True,340,,0,disabled,,,0,0.0,0.7590485411913265,,,,,,,,,,,,,True,True,0.0
release-shift-080mm,110,v1,False,,800,False,True,True,True,False,0.07981037672529298,,True,340,342,0,disabled,,,0,0.0,0.7590485411913265,,,,,,,,,,,,,True,True,0.0
release-shift-080mm,110,v2,False,,800,False,False,False,False,True,0.006305937792181394,,True,340,342,1,aborted,342,343,123,0.4468712615001853,1.2060059109197734,retry_lower_not_completed,465,40,0.010582089751958845,0.012689137866269245,0.018341328731010076,0.006305882677772934,True,True,21.61414337158203,False,True,True,True,0.0
release-shift-080mm,111,baseline,True,initially_in_horizontal_target_region,0,False,False,False,False,,0.023357287671771514,,False,,,0,disabled,,,0,0.0,0.0,,,,,,,,,,,,,True,True,0.0
release-shift-080mm,111,v1,True,initially_in_horizontal_target_region,0,False,False,False,False,,0.023357287671771514,,False,,,0,disabled,,,0,0.0,0.0,,,,,,,,,,,,,True,True,0.0
release-shift-080mm,111,v2,True,initially_in_horizontal_target_region,0,False,False,False,False,,0.023357287671771514,,False,,,0,nominal,,,0,0.0,0.0,,,,,,,,,,,,,True,True,0.0
release-shift-080mm,112,baseline,False,,800,False,True,True,True,False,0.08214855846178064,,True,340,,0,disabled,,,0,0.0,0.764542421011976,,,,,,,,,,,,,True,True,0.0
release-shift-080mm,112,v1,False,,800,False,True,True,True,False,0.08214855846178064,,True,340,342,0,disabled,,,0,0.0,0.764542421011976,,,,,,,,,,,,,True,True,0.0
release-shift-080mm,112,v2,False,,800,False,False,False,False,True,0.006114557523720762,,True,340,342,1,aborted,342,343,124,0.4533740850058174,1.2179827966328647,retry_lower_not_completed,466,40,0.01114892992377281,0.013299540248820312,0.05774442299054361,0.006114511303832138,True,True,22.186199188232422,False,True,True,True,0.0
release-shift-080mm,113,baseline,False,,800,False,True,True,True,False,0.0798873416301007,,True,340,,0,disabled,,,0,0.0,0.647290909657495,,,,,,,,,,,,,True,True,0.0
release-shift-080mm,113,v1,False,,800,False,True,True,True,False,0.0798873416301007,,True,340,342,0,disabled,,,0,0.0,0.647290909657495,,,,,,,,,,,,,True,True,0.0
release-shift-080mm,113,v2,False,,800,False,False,False,False,True,0.007628632747047172,,True,340,342,1,aborted,342,343,123,0.44837777369530213,1.0958155269295147,retry_lower_not_completed,465,40,0.010871030718088148,0.013042929336324368,0.0184968419419902,0.007629156942478141,True,True,24.011409759521484,False,True,True,True,0.0
release-shift-080mm,114,baseline,False,,800,False,True,True,True,False,0.08015257728652833,,True,340,,0,disabled,,,0,0.0,0.6399940819626556,,,,,,,,,,,,,True,True,0.0
release-shift-080mm,114,v1,False,,800,False,True,True,True,False,0.08015257728652833,,True,340,342,0,disabled,,,0,0.0,0.6399940819626556,,,,,,,,,,,,,True,True,0.0
release-shift-080mm,114,v2,False,,800,False,False,False,False,True,0.006348597503963714,,True,340,342,1,aborted,342,343,123,0.4490058522370153,1.089511056973572,retry_lower_not_completed,465,40,0.010353118509054182,0.012433693859904546,0.032165514515569774,0.006334223194100228,True,True,23.696496963500977,False,True,True,True,0.0
release-shift-080mm,115,baseline,False,,800,False,True,True,True,False,0.08017494803016312,,True,340,,0,disabled,,,0,0.0,0.6921762813057571,,,,,,,,,,,,,True,True,0.0
release-shift-080mm,115,v1,False,,800,False,True,True,True,False,0.08017494803016312,,True,340,342,0,disabled,,,0,0.0,0.6921762813057571,,,,,,,,,,,,,True,True,0.0
release-shift-080mm,115,v2,False,,800,False,False,False,False,True,0.005720533531341016,,True,340,342,1,aborted,342,343,123,0.4438498397212977,1.1361037426572496,retry_lower_not_completed,465,40,0.011692561537027357,0.013447017088982756,0.01749195720854146,0.005720829798027516,True,True,17.801410675048828,False,True,True,True,0.0
release-shift-080mm,116,baseline,False,,800,False,True,True,True,False,0.08039290417172075,,True,340,,0,disabled,,,0,0.0,0.7478927023026853,,,,,,,,,,,,,True,True,0.0
release-shift-080mm,116,v1,False,,800,False,True,True,True,False,0.08039290417172075,,True,340,342,0,disabled,,,0,0.0,0.7478927023026853,,,,,,,,,,,,,True,True,0.0
release-shift-080mm,116,v2,False,,800,False,False,False,False,True,0.005999060124853515,,True,340,342,1,aborted,342,343,123,0.4463981313725294,1.1943347024323914,retry_lower_not_completed,465,40,0.011279031962156294,0.01319633008443744,0.017857664066117253,0.005999174680066788,True,True,20.473342895507812,False,True,True,True,0.0
release-shift-080mm,117,baseline,False,,800,False,True,True,True,False,0.0798457889298173,,True,340,,0,disabled,,,0,0.0,0.6013388713625789,,,,,,,,,,,,,True,True,0.0
release-shift-080mm,117,v1,False,,800,False,True,True,True,False,0.0798457889298173,,True,340,342,0,disabled,,,0,0.0,0.6013388713625789,,,,,,,,,,,,,True,True,0.0
release-shift-080mm,117,v2,False,,800,False,False,False,False,True,0.006267112010362308,,True,340,342,1,aborted,342,343,123,0.44590651444955276,1.0473332337506847,retry_lower_not_completed,465,40,0.010816112488508223,0.012810343572764086,0.017926054703127896,0.0062671020940861175,True,True,20.50226593017578,False,True,True,True,0.0
release-shift-080mm,118,baseline,False,,800,False,True,True,True,False,0.0805930471731808,,True,340,,0,disabled,,,0,0.0,0.6541004671444699,,,,,,,,,,,,,True,True,0.0
release-shift-080mm,118,v1,False,,800,False,True,True,True,False,0.0805930471731808,,True,340,342,0,disabled,,,0,0.0,0.6541004671444699,,,,,,,,,,,,,True,True,0.0
release-shift-080mm,118,v2,False,,800,False,False,False,False,True,0.005925270982892656,,True,340,342,1,aborted,342,343,123,0.45052284647221846,1.1046922390632958,retry_lower_not_completed,465,40,0.009464979499578474,0.011808940249274157,0.021293318840305983,0.005925236654544593,True,True,27.34014129638672,False,True,True,True,0.0
release-shift-080mm,119,baseline,False,,800,False,True,True,True,False,0.08082272255173932,,True,340,,0,disabled,,,0,0.0,0.7304794374997777,,,,,,,,,,,,,True,True,0.0
release-shift-080mm,119,v1,False,,800,False,True,True,True,False,0.08082272255173932,,True,340,342,0,disabled,,,0,0.0,0.7304794374997777,,,,,,,,,,,,,True,True,0.0
release-shift-080mm,119,v2,False,,800,False,False,False,False,True,0.006040681182647768,,True,340,342,1,aborted,342,343,123,0.44841718913612777,1.1789661135066896,retry_lower_not_completed,465,40,0.010504454702138899,0.012642013664321675,0.02030781452675346,0.006040483620391391,True,True,22.8891544342041,False,True,True,True,0.0
release-shift-120mm,100,baseline,False,,800,False,True,True,True,False,0.12022220774970588,,True,340,,0,disabled,,,0,0.0,0.7562428975433242,,,,,,,,,,,,,True,True,0.0
release-shift-120mm,100,v1,False,,800,False,True,True,True,False,0.12022220774970588,,True,340,342,0,disabled,,,0,0.0,0.7562428975433242,,,,,,,,,,,,,True,True,0.0
release-shift-120mm,100,v2,False,,800,False,False,False,False,True,0.005560192305395882,,True,340,342,1,aborted,342,343,140,0.527533221402907,1.2838434519815407,retry_lower_not_completed,482,40,0.011327922672033308,0.013249217470558473,0.01799524211434152,0.005560147464367562,True,True,21.319196701049805,False,True,True,True,0.0
release-shift-120mm,101,baseline,False,,800,False,True,True,True,False,0.11981200062899773,,True,340,,0,disabled,,,0,0.0,0.6638770321696982,,,,,,,,,,,,,True,True,0.0
release-shift-120mm,101,v1,False,,800,False,True,True,True,False,0.11981200062899773,,True,340,342,0,disabled,,,0,0.0,0.6638770321696982,,,,,,,,,,,,,True,True,0.0
release-shift-120mm,101,v2,False,,800,False,False,False,False,True,0.005981477219270905,,True,340,342,1,aborted,342,343,139,0.5285110311529307,1.2002730118505318,retry_lower_not_completed,481,40,0.008310944169759749,0.010665634164929669,0.018437919105932378,0.0057994455318656195,True,True,29.0009708404541,False,True,True,True,0.0
release-shift-120mm,102,baseline,False,,800,False,True,True,True,False,0.11996804085059783,,True,340,,0,disabled,,,0,0.0,0.7335188569538044,,,,,,,,,,,,,True,True,0.0
release-shift-120mm,102,v1,False,,800,False,True,True,True,False,0.11996804085059783,,True,340,342,0,disabled,,,0,0.0,0.7335188569538044,,,,,,,,,,,,,True,True,0.0
release-shift-120mm,102,v2,False,,800,False,False,False,False,True,0.007863487813019694,,True,340,342,1,aborted,342,343,140,0.5310902276797799,1.264723612275548,retry_lower_not_completed,482,40,0.01089880648255348,0.01318270591082853,0.01869322571388611,0.007863353159346456,True,True,26.096023559570312,False,True,True,True,0.0
release-shift-120mm,103,baseline,False,,800,False,True,True,True,False,0.12022061087015912,,True,340,,0,disabled,,,0,0.0,0.6414409700982516,,,,,,,,,,,,,True,True,0.0
release-shift-120mm,103,v1,False,,800,False,True,True,True,False,0.12022061087015912,,True,340,342,0,disabled,,,0,0.0,0.6414409700982516,,,,,,,,,,,,,True,True,0.0
release-shift-120mm,103,v2,False,,800,False,False,False,False,True,0.006514509852734321,,True,340,342,1,aborted,342,343,140,0.5267510516950303,1.1682645905112683,retry_lower_not_completed,482,40,0.011695474714040754,0.01364372281541588,0.017951180987402008,0.006514547840292514,True,True,19.867950439453125,False,True,True,True,0.0
release-shift-120mm,104,baseline,False,,800,False,True,True,True,False,0.1202486316764767,,True,340,,0,disabled,,,0,0.0,0.6811727557013646,,,,,,,,,,,,,True,True,0.0
release-shift-120mm,104,v1,False,,800,False,True,True,True,False,0.1202486316764767,,True,340,342,0,disabled,,,0,0.0,0.6811727557013646,,,,,,,,,,,,,True,True,0.0
release-shift-120mm,104,v2,False,,800,False,False,False,False,True,0.005684323122873936,,True,340,342,1,aborted,342,343,140,0.5256651267379552,1.2069018457887244,retry_lower_not_completed,482,40,0.011829018920660017,0.013618427544101367,0.017534563382276144,0.005684487450818007,True,True,18.470102310180664,False,True,True,True,0.0
release-shift-120mm,105,baseline,False,,800,False,True,True,True,False,0.11988029999314043,,True,340,,0,disabled,,,0,0.0,0.6026599060213184,,,,,,,,,,,,,True,True,0.0
release-shift-120mm,105,v1,False,,800,False,True,True,True,False,0.11988029999314043,,True,340,342,0,disabled,,,0,0.0,0.6026599060213184,,,,,,,,,,,,,True,True,0.0
release-shift-120mm,105,v2,False,,800,False,False,False,False,True,0.005417623315924349,,True,340,342,1,aborted,342,343,140,0.5315588104883365,1.1342870264212817,retry_lower_not_completed,482,40,0.00950483265519142,0.011752350897909998,0.019142956513030888,0.005417598302039181,True,True,26.816896438598633,False,True,True,True,0.0
release-shift-120mm,106,baseline,False,,800,False,True,True,True,False,0.11993701293034466,,True,340,,0,disabled,,,0,0.0,0.7396290785647568,,,,,,,,,,,,,True,True,0.0
release-shift-120mm,106,v1,False,,800,False,True,True,True,False,0.11993701293034466,,True,340,342,0,disabled,,,0,0.0,0.7396290785647568,,,,,,,,,,,,,True,True,0.0
release-shift-120mm,106,v2,False,,800,False,False,False,False,True,0.007024910449183779,,True,340,342,1,aborted,342,343,140,0.5270670251699585,1.2669341500128257,retry_lower_not_completed,482,40,0.011194169849157332,0.01301730014353969,0.01737966486981703,0.007025921829410591,True,True,20.705345153808594,False,True,True,True,0.0
release-shift-120mm,107,baseline,True,initially_in_horizontal_target_region,0,False,False,False,False,,0.01599521381905585,,False,,,0,disabled,,,0,0.0,0.0,,,,,,,,,,,,,True,True,0.0
release-shift-120mm,107,v1,True,initially_in_horizontal_target_region,0,False,False,False,False,,0.01599521381905585,,False,,,0,disabled,,,0,0.0,0.0,,,,,,,,,,,,,True,True,0.0
release-shift-120mm,107,v2,True,initially_in_horizontal_target_region,0,False,False,False,False,,0.01599521381905585,,False,,,0,nominal,,,0,0.0,0.0,,,,,,,,,,,,,True,True,0.0
release-shift-120mm,108,baseline,False,,800,False,True,True,True,False,0.1198937451887961,,True,340,,0,disabled,,,0,0.0,0.6159981721562837,,,,,,,,,,,,,True,True,0.0
release-shift-120mm,108,v1,False,,800,False,True,True,True,False,0.1198937451887961,,True,340,342,0,disabled,,,0,0.0,0.6159981721562837,,,,,,,,,,,,,True,True,0.0
release-shift-120mm,108,v2,False,,800,False,False,False,False,True,0.006152994516643078,,True,340,342,1,aborted,342,343,140,0.528898177191528,1.1449622918013098,retry_lower_not_completed,482,40,0.010832377105951307,0.012942445116376378,0.018224724384525885,0.0061528967467167055,True,True,21.355222702026367,False,True,True,True,0.0
release-shift-120mm,109,baseline,False,,800,False,True,True,True,False,0.12021802013145998,,True,340,,0,disabled,,,0,0.0,0.5608992480046538,,,,,,,,,,,,,True,True,0.0
release-shift-120mm,109,v1,False,,800,False,True,True,True,False,0.12021802013145998,,True,340,342,0,disabled,,,0,0.0,0.5608992480046538,,,,,,,,,,,,,True,True,0.0
release-shift-120mm,109,v2,False,,800,False,False,False,False,True,0.00659907225831371,,True,340,342,1,aborted,342,343,140,0.528474369168313,1.0894454102602635,retry_lower_not_completed,482,40,0.0109522867500782,0.013108867879682792,0.01863341897067606,0.006599318643286883,True,True,22.426668167114258,False,True,True,True,0.0
release-shift-120mm,110,baseline,False,,800,False,True,True,True,False,0.11980994427852441,,True,340,,0,disabled,,,0,0.0,0.7590485411913265,,,,,,,,,,,,,True,True,0.0
release-shift-120mm,110,v1,False,,800,False,True,True,True,False,0.11980994427852441,,True,340,342,0,disabled,,,0,0.0,0.7590485411913265,,,,,,,,,,,,,True,True,0.0
release-shift-120mm,110,v2,False,,800,False,False,False,False,True,0.006463485707559915,,True,340,342,1,aborted,342,343,140,0.5279929047863853,1.28711892615777,retry_lower_not_completed,482,40,0.010925233691930769,0.013112781108324466,0.018361727217047,0.006463427052039568,True,True,21.430950164794922,False,True,True,True,0.0
release-shift-120mm,111,baseline,True,initially_in_horizontal_target_region,0,False,False,False,False,,0.023357287671771514,,False,,,0,disabled,,,0,0.0,0.0,,,,,,,,,,,,,True,True,0.0
release-shift-120mm,111,v1,True,initially_in_horizontal_target_region,0,False,False,False,False,,0.023357287671771514,,False,,,0,disabled,,,0,0.0,0.0,,,,,,,,,,,,,True,True,0.0
release-shift-120mm,111,v2,True,initially_in_horizontal_target_region,0,False,False,False,False,,0.023357287671771514,,False,,,0,nominal,,,0,0.0,0.0,,,,,,,,,,,,,True,True,0.0
release-shift-120mm,112,baseline,False,,800,False,True,True,True,False,0.1198446384287679,,True,340,,0,disabled,,,0,0.0,0.7648397001605477,,,,,,,,,,,,,True,True,0.0
release-shift-120mm,112,v1,False,,800,False,True,True,True,False,0.1198446384287679,,True,340,342,0,disabled,,,0,0.0,0.7648397001605477,,,,,,,,,,,,,True,True,0.0
release-shift-120mm,112,v2,False,,800,False,False,False,False,True,0.005664899182330107,,True,340,342,1,aborted,342,343,140,0.5287161613020166,1.2936233316504622,retry_lower_not_completed,482,40,0.010786623090505598,0.012869911739258031,0.018450910963219956,0.005665268401672636,True,True,22.230045318603516,False,True,True,True,0.0
release-shift-120mm,113,baseline,False,,800,False,True,True,True,False,0.11988716275906869,,True,340,,0,disabled,,,0,0.0,0.647290909657495,,,,,,,,,,,,,True,True,0.0
release-shift-120mm,113,v1,False,,800,False,True,True,True,False,0.11988716275906869,,True,340,342,0,disabled,,,0,0.0,0.647290909657495,,,,,,,,,,,,,True,True,0.0
release-shift-120mm,113,v2,False,,800,False,False,False,False,True,0.008002285020680441,,True,340,342,1,aborted,342,343,140,0.5295950860658564,1.1770421307587582,retry_lower_not_completed,482,40,0.01118804547190666,0.013407260301105138,0.018513367246045628,0.008004292136488055,True,True,24.037311553955078,False,True,True,True,0.0
release-shift-120mm,114,baseline,False,,800,False,True,True,True,False,0.11990291368724632,,True,340,,0,disabled,,,0,0.0,0.6401878598773413,,,,,,,,,,,,,True,True,0.0
release-shift-120mm,114,v1,False,,800,False,True,True,True,False,0.11990291368724632,,True,340,342,0,disabled,,,0,0.0,0.6401878598773413,,,,,,,,,,,,,True,True,0.0
release-shift-120mm,114,v2,False,,800,False,False,False,False,True,0.006471705077116953,,True,340,342,1,aborted,342,343,140,0.5298963718866573,1.1703212620757613,retry_lower_not_completed,482,40,0.010589823454618452,0.012722536432948506,0.01862632983019807,0.0064715188438640575,True,True,23.469106674194336,False,True,True,True,0.0
release-shift-120mm,115,baseline,False,,800,False,True,True,True,False,0.12017477005073932,,True,340,,0,disabled,,,0,0.0,0.6921762813057571,,,,,,,,,,,,,True,True,0.0
release-shift-120mm,115,v1,False,,800,False,True,True,True,False,0.12017477005073932,,True,340,342,0,disabled,,,0,0.0,0.6921762813057571,,,,,,,,,,,,,True,True,0.0
release-shift-120mm,115,v2,False,,800,False,False,False,False,True,0.005721747733921718,,True,340,342,1,aborted,342,343,140,0.5247861444114387,1.2170374934466563,retry_lower_not_completed,482,40,0.011960305601358412,0.013763290771783968,0.01750904090657473,0.005721776044517275,True,True,17.663537979125977,False,True,True,True,0.0
release-shift-120mm,116,baseline,False,,800,False,True,True,True,False,0.11985132608195999,,True,340,,0,disabled,,,0,0.0,0.7480763442324014,,,,,,,,,,,,,True,True,0.0
release-shift-120mm,116,v1,False,,800,False,True,True,True,False,0.11985132608195999,,True,340,342,0,disabled,,,0,0.0,0.7480763442324014,,,,,,,,,,,,,True,True,0.0
release-shift-120mm,116,v2,False,,800,False,False,False,False,True,0.0060593229161975785,,True,340,342,1,aborted,342,343,140,0.5274179808780362,1.275538644812061,retry_lower_not_completed,482,40,0.011487484306097029,0.013436807954820149,0.017887326320011387,0.006059396530435375,True,True,20.392736434936523,False,True,True,True,0.0
release-shift-120mm,117,baseline,False,,800,False,True,True,True,False,0.11984515035935252,,True,340,,0,disabled,,,0,0.0,0.6013388713625789,,,,,,,,,,,,,True,True,0.0
release-shift-120mm,117,v1,False,,800,False,True,True,True,False,0.11984515035935252,,True,340,342,0,disabled,,,0,0.0,0.6013388713625789,,,,,,,,,,,,,True,True,0.0
release-shift-120mm,117,v2,False,,800,False,False,False,False,True,0.006306633100713106,,True,340,342,1,aborted,342,343,140,0.5271316767980839,1.1285597039108533,retry_lower_not_completed,482,40,0.011058383017778395,0.013107323381197584,0.018151413786347805,0.006306478262836342,True,True,19.74411392211914,False,True,True,True,0.0
release-shift-120mm,118,baseline,False,,800,False,True,True,True,False,0.12021664868058349,,True,340,,0,disabled,,,0,0.0,0.6541687018817504,,,,,,,,,,,,,True,True,0.0
release-shift-120mm,118,v1,False,,800,False,True,True,True,False,0.12021664868058349,,True,340,342,0,disabled,,,0,0.0,0.6541687018817504,,,,,,,,,,,,,True,True,0.0
release-shift-120mm,118,v2,False,,800,False,False,False,False,True,0.006140810502919099,,True,340,342,1,aborted,342,343,140,0.5314349226769615,1.1856633737962077,retry_lower_not_completed,482,40,0.009729989200830458,0.012132325192787865,0.02006368957315107,0.006140702894312749,True,True,27.67644500732422,False,True,True,True,0.0
release-shift-120mm,119,baseline,False,,800,False,True,True,True,False,0.12022630337273561,,True,340,,0,disabled,,,0,0.0,0.7305845840666291,,,,,,,,,,,,,True,True,0.0
release-shift-120mm,119,v1,False,,800,False,True,True,True,False,0.12022630337273561,,True,340,342,0,disabled,,,0,0.0,0.7305845840666291,,,,,,,,,,,,,True,True,0.0
release-shift-120mm,119,v2,False,,800,False,False,False,False,True,0.006138743191339861,,True,340,342,1,aborted,342,343,140,0.5293533947132024,1.2600059442109788,retry_lower_not_completed,482,40,0.010771878391504286,0.01295394811075389,0.018854748600541614,0.006138632963051816,True,True,22.84417152404785,False,True,True,True,0.0
release-shift-200mm,100,baseline,False,,800,False,True,True,True,False,0.20022216551823027,,True,340,,0,disabled,,,0,0.0,0.7562428975433242,,,,,,,,,,,,,True,True,0.0
release-shift-200mm,100,v1,False,,800,False,True,True,True,False,0.20022216551823027,,True,340,342,0,disabled,,,0,0.0,0.7562428975433242,,,,,,,,,,,,,True,True,0.0
release-shift-200mm,100,v2,False,,800,False,False,False,False,True,0.00559644470778509,,True,340,342,1,aborted,342,343,174,0.688490083553199,1.444895554994766,retry_lower_not_completed,516,40,0.011300981372594832,0.013222347619580082,0.018016944025303946,0.005594924912004871,True,True,21.2340087890625,False,True,True,True,0.0
release-shift-200mm,101,baseline,False,,800,False,True,True,True,False,0.19981194362843724,,True,340,,0,disabled,,,0,0.0,0.6638770321696982,,,,,,,,,,,,,True,True,0.0
release-shift-200mm,101,v1,False,,800,False,True,True,True,False,0.19981194362843724,,True,340,342,0,disabled,,,0,0.0,0.6638770321696982,,,,,,,,,,,,,True,True,0.0
release-shift-200mm,101,v2,False,,800,False,False,False,False,True,0.007320144531071331,,True,340,342,1,aborted,342,343,173,0.6900928966217736,1.3731146291453469,retry_lower_not_completed,515,40,0.00939368489384651,0.012207948684403728,0.02094789243910579,0.00732373226579204,True,True,30.371440887451172,False,True,True,True,0.0
release-shift-200mm,102,baseline,False,,800,False,True,True,True,False,0.1999680409149965,,True,340,,0,disabled,,,0,0.0,0.7335188569538044,,,,,,,,,,,,,True,True,0.0
release-shift-200mm,102,v1,False,,800,False,True,True,True,False,0.1999680409149965,,True,340,342,0,disabled,,,0,0.0,0.7335188569538044,,,,,,,,,,,,,True,True,0.0
release-shift-200mm,102,v2,False,,800,False,False,False,False,True,0.007589087388846082,,True,340,342,1,aborted,342,343,173,0.6876723530958512,1.421658324642903,retry_lower_not_completed,515,40,0.010264605611562727,0.012520190404282164,0.018921299986995502,0.007505561741102987,True,True,24.320096969604492,False,True,True,True,0.0
release-shift-200mm,103,baseline,False,,800,False,True,True,True,False,0.2002204594382288,,True,340,,0,disabled,,,0,0.0,0.6414409700982516,,,,,,,,,,,,,True,True,0.0
release-shift-200mm,103,v1,False,,800,False,True,True,True,False,0.2002204594382288,,True,340,342,0,disabled,,,0,0.0,0.6414409700982516,,,,,,,,,,,,,True,True,0.0
release-shift-200mm,103,v2,False,,800,False,False,False,False,True,0.0065875092054541754,,True,340,342,1,aborted,342,343,174,0.6872941584857186,1.3287989877233568,retry_lower_not_completed,516,40,0.011784099370241163,0.013733154406460977,0.017906824064775825,0.006587505869943542,True,True,20.031021118164062,False,True,True,True,0.0
release-shift-200mm,104,baseline,False,,800,False,True,True,True,False,0.20024851781711966,,True,340,,0,disabled,,,0,0.0,0.6811727557013646,,,,,,,,,,,,,True,True,0.0
release-shift-200mm,104,v1,False,,800,False,True,True,True,False,0.20024851781711966,,True,340,342,0,disabled,,,0,0.0,0.6811727557013646,,,,,,,,,,,,,True,True,0.0
release-shift-200mm,104,v2,False,,800,False,False,False,False,True,0.005645617685540562,,True,340,342,1,aborted,342,343,174,0.6860554260546974,1.3673081298849226,retry_lower_not_completed,516,40,0.01165682855248451,0.013399065051028987,0.017474385544533205,0.005637258767617054,True,True,18.46219253540039,False,True,True,True,0.0
release-shift-200mm,105,baseline,False,,800,False,True,True,True,False,0.19988023448185596,,True,340,,0,disabled,,,0,0.0,0.6026599060213184,,,,,,,,,,,,,True,True,0.0
release-shift-200mm,105,v1,False,,800,False,True,True,True,False,0.19988023448185596,,True,340,342,0,disabled,,,0,0.0,0.6026599060213184,,,,,,,,,,,,,True,True,0.0
release-shift-200mm,105,v2,False,,800,False,False,False,False,True,0.0056668721733439675,,True,340,342,1,aborted,342,343,173,0.6883485006114021,1.2910708279023118,retry_lower_not_completed,515,40,0.009500898748636244,0.01175399877943943,0.01910682265546173,0.005666834275564583,True,True,26.860496520996094,False,True,True,True,0.0
release-shift-200mm,106,baseline,False,,800,False,True,True,True,False,0.1999369786906208,,True,340,,0,disabled,,,0,0.0,0.7396290785647568,,,,,,,,,,,,,True,True,0.0
release-shift-200mm,106,v1,False,,800,False,True,True,True,False,0.1999369786906208,,True,340,342,0,disabled,,,0,0.0,0.7396290785647568,,,,,,,,,,,,,True,True,0.0
release-shift-200mm,106,v2,False,,800,False,False,False,False,True,0.007001184334763227,,True,340,342,1,aborted,342,343,174,0.6882010256907767,1.4280355382138072,retry_lower_not_completed,516,40,0.011209860771894453,0.013038107385142054,0.017395126375275842,0.007001854417581025,True,True,20.65927505493164,False,True,True,True,0.0
release-shift-200mm,107,baseline,True,initially_in_horizontal_target_region,0,False,False,False,False,,0.01599521381905585,,False,,,0,disabled,,,0,0.0,0.0,,,,,,,,,,,,,True,True,0.0
release-shift-200mm,107,v1,True,initially_in_horizontal_target_region,0,False,False,False,False,,0.01599521381905585,,False,,,0,disabled,,,0,0.0,0.0,,,,,,,,,,,,,True,True,0.0
release-shift-200mm,107,v2,True,initially_in_horizontal_target_region,0,False,False,False,False,,0.01599521381905585,,False,,,0,nominal,,,0,0.0,0.0,,,,,,,,,,,,,True,True,0.0
release-shift-200mm,108,baseline,False,,800,False,True,True,True,False,0.19989365297814082,,True,340,,0,disabled,,,0,0.0,0.6159981721562837,,,,,,,,,,,,,True,True,0.0
release-shift-200mm,108,v1,False,,800,False,True,True,True,False,0.19989365297814082,,True,340,342,0,disabled,,,0,0.0,0.6159981721562837,,,,,,,,,,,,,True,True,0.0
release-shift-200mm,108,v2,False,,800,False,False,False,False,True,0.006126923433421452,,True,340,342,1,aborted,342,343,174,0.6897482359459096,1.3058099084996315,retry_lower_not_completed,516,40,0.01075905594229698,0.012823342679342646,0.01815548536336356,0.006126958012721868,True,True,21.75823402404785,False,True,True,True,0.0
release-shift-200mm,109,baseline,False,,800,False,True,True,True,False,0.20021797812620995,,True,340,,0,disabled,,,0,0.0,0.5608992480046538,,,,,,,,,,,,,True,True,0.0
release-shift-200mm,109,v1,False,,800,False,True,True,True,False,0.20021797812620995,,True,340,342,0,disabled,,,0,0.0,0.5608992480046538,,,,,,,,,,,,,True,True,0.0
release-shift-200mm,109,v2,False,,800,False,False,False,False,True,0.006783481331092103,,True,340,342,1,aborted,342,343,173,0.6845201870954684,1.2454874609357849,retry_lower_not_completed,515,40,0.011115596026182173,0.013363859570839062,0.018742991366636114,0.006783765428719729,True,True,21.856603622436523,False,True,True,True,0.0
release-shift-200mm,110,baseline,False,,800,False,True,True,True,False,0.19980977704823027,,True,340,,0,disabled,,,0,0.0,0.7590485411913265,,,,,,,,,,,,,True,True,0.0
release-shift-200mm,110,v1,False,,800,False,True,True,True,False,0.19980977704823027,,True,340,342,0,disabled,,,0,0.0,0.7590485411913265,,,,,,,,,,,,,True,True,0.0
release-shift-200mm,110,v2,False,,800,False,False,False,False,True,0.006658117886869193,,True,340,342,1,aborted,342,343,173,0.6837990620923599,1.442915842545087,retry_lower_not_completed,515,40,0.011042207807302473,0.013280413303919686,0.018344617795230576,0.006658186052585969,True,True,21.348066329956055,False,True,True,True,0.0
release-shift-200mm,111,baseline,True,initially_in_horizontal_target_region,0,False,False,False,False,,0.023357287671771514,,False,,,0,disabled,,,0,0.0,0.0,,,,,,,,,,,,,True,True,0.0
release-shift-200mm,111,v1,True,initially_in_horizontal_target_region,0,False,False,False,False,,0.023357287671771514,,False,,,0,disabled,,,0,0.0,0.0,,,,,,,,,,,,,True,True,0.0
release-shift-200mm,111,v2,True,initially_in_horizontal_target_region,0,False,False,False,False,,0.023357287671771514,,False,,,0,nominal,,,0,0.0,0.0,,,,,,,,,,,,,True,True,0.0
release-shift-200mm,112,baseline,False,,800,False,True,True,True,False,0.19984451560208114,,True,340,,0,disabled,,,0,0.0,0.7648397001605477,,,,,,,,,,,,,True,True,0.0
release-shift-200mm,112,v1,False,,800,False,True,True,True,False,0.19984451560208114,,True,340,342,0,disabled,,,0,0.0,0.7648397001605477,,,,,,,,,,,,,True,True,0.0
release-shift-200mm,112,v2,False,,800,False,False,False,False,True,0.005927939515956967,,True,340,342,1,aborted,342,343,173,0.6853607638566045,1.4502585015459997,retry_lower_not_completed,515,40,0.01093860003352165,0.013021090511839818,0.01848611031341269,0.0059292729905864126,True,True,22.4201717376709,False,True,True,True,0.0
release-shift-200mm,113,baseline,False,,800,False,True,True,True,False,0.19988713532585003,,True,340,,0,disabled,,,0,0.0,0.647290909657495,,,,,,,,,,,,,True,True,0.0
release-shift-200mm,113,v1,False,,800,False,True,True,True,False,0.19988713532585003,,True,340,342,0,disabled,,,0,0.0,0.647290909657495,,,,,,,,,,,,,True,True,0.0
release-shift-200mm,113,v2,False,,800,False,False,False,False,True,0.007992764110955513,,True,340,342,1,aborted,342,343,173,0.6856336480380594,1.3330127641734173,retry_lower_not_completed,515,40,0.011277452439069746,0.013520045172731913,0.018452722498835335,0.007993222550102517,True,True,24.182090759277344,False,True,True,True,0.0
release-shift-200mm,114,baseline,False,,800,False,True,True,True,False,0.19990286409484206,,True,340,,0,disabled,,,0,0.0,0.6401878598773413,,,,,,,,,,,,,True,True,0.0
release-shift-200mm,114,v1,False,,800,False,True,True,True,False,0.19990286409484206,,True,340,342,0,disabled,,,0,0.0,0.6401878598773413,,,,,,,,,,,,,True,True,0.0
release-shift-200mm,114,v2,False,,800,False,False,False,False,True,0.006579282420522007,,True,340,342,1,aborted,342,343,174,0.6909525586784026,1.3313069913748734,retry_lower_not_completed,516,40,0.010564506381750105,0.01269711847194031,0.018624601843988824,0.006578195544220051,True,True,23.376876831054688,False,True,True,True,0.0
release-shift-200mm,115,baseline,False,,800,False,True,True,True,False,0.20017495427312598,,True,340,,0,disabled,,,0,0.0,0.6921762813057571,,,,,,,,,,,,,True,True,0.0
release-shift-200mm,115,v1,False,,800,False,True,True,True,False,0.20017495427312598,,True,340,342,0,disabled,,,0,0.0,0.6921762813057571,,,,,,,,,,,,,True,True,0.0
release-shift-200mm,115,v2,False,,800,False,False,False,False,True,0.005784597908539602,,True,340,342,1,aborted,342,343,174,0.6854464295311276,1.3776921541711598,retry_lower_not_completed,516,40,0.012000769704580305,0.013801769101591225,0.017463519133212688,0.005784688481370394,True,True,17.797550201416016,False,True,True,True,0.0
release-shift-200mm,116,baseline,False,,800,False,True,True,True,False,0.1998512193909193,,True,340,,0,disabled,,,0,0.0,0.7480763442324014,,,,,,,,,,,,,True,True,0.0
release-shift-200mm,116,v1,False,,800,False,True,True,True,False,0.1998512193909193,,True,340,342,0,disabled,,,0,0.0,0.7480763442324014,,,,,,,,,,,,,True,True,0.0
release-shift-200mm,116,v2,False,,800,False,False,False,False,True,0.0061921713486731275,,True,340,342,1,aborted,342,343,174,0.688192317516966,1.4363071692488174,retry_lower_not_completed,516,40,0.011537954539060591,0.013500095312238442,0.017904319583985553,0.006192347431522012,True,True,20.330434799194336,False,True,True,True,0.0
release-shift-200mm,117,baseline,False,,800,False,True,True,True,False,0.19984489861745672,,True,340,,0,disabled,,,0,0.0,0.6013388713625789,,,,,,,,,,,,,True,True,0.0
release-shift-200mm,117,v1,False,,800,False,True,True,True,False,0.19984489861745672,,True,340,342,0,disabled,,,0,0.0,0.6013388713625789,,,,,,,,,,,,,True,True,0.0
release-shift-200mm,117,v2,False,,800,False,False,False,False,True,0.006568046072695622,,True,340,342,1,aborted,342,343,173,0.6830971174152196,1.2845075608303254,retry_lower_not_completed,515,40,0.011186287134885786,0.013294298547119499,0.018019925669892165,0.006567993935035679,True,True,19.958736419677734,False,True,True,True,0.0
release-shift-200mm,118,baseline,False,,800,False,True,True,True,False,0.200216621802814,,True,340,,0,disabled,,,0,0.0,0.6541687018817504,,,,,,,,,,,,,True,True,0.0
release-shift-200mm,118,v1,False,,800,False,True,True,True,False,0.200216621802814,,True,340,342,0,disabled,,,0,0.0,0.6541687018817504,,,,,,,,,,,,,True,True,0.0
release-shift-200mm,118,v2,False,,800,False,False,False,False,True,0.0064539426060097735,,True,340,342,1,aborted,342,343,173,0.6878133933749918,1.3420518118128357,retry_lower_not_completed,515,40,0.009822525411844252,0.012241248296156968,0.02001013324691671,0.006454301473109823,True,True,27.99392318725586,False,True,True,True,0.0
release-shift-200mm,119,baseline,False,,800,False,True,True,True,False,0.2002262292928523,,True,340,,0,disabled,,,0,0.0,0.7305845840666291,,,,,,,,,,,,,True,True,0.0
release-shift-200mm,119,v1,False,,800,False,True,True,True,False,0.2002262292928523,,True,340,342,0,disabled,,,0,0.0,0.7305845840666291,,,,,,,,,,,,,True,True,0.0
release-shift-200mm,119,v2,False,,800,False,False,False,False,True,0.0064806160432121,,True,340,342,1,aborted,342,343,173,0.6858624588853407,1.4165107399386465,retry_lower_not_completed,515,40,0.01099808546900749,0.013186001278607175,0.01877446738510616,0.006481690251885423,True,True,23.081348419189453,False,True,True,True,0.0
